Dataset ID,Dataset Name,Original Accuracy,Original Precision,Original Recall,Original F1,Original Log Loss,Unlearned Accuracy,Unlearned Precision,Unlearned Recall,Unlearned F1,Unlearned Log Loss,Retrained Accuracy,Retrained Precision,Retrained Recall,Retrained F1,Retrained Log Loss,Accuracy Difference,Precision Difference,Recall Difference,F1 Difference,Log Loss Difference,Samples Removed
4,labor,0.9166666666666666,0.8888888888888888,1.0,0.9411764705882353,0.36135926085141584,0.9166666666666666,0.8888888888888888,1.0,0.9411764705882353,0.36135926085141584,0.75,0.7272727272727273,1.0,0.8421052631578947,0.32370815578451867,0.16666666666666663,0.16161616161616155,0.0,0.09907120743034059,0.03765110506689717,4
13,breast-cancer,0.7586206896551724,1.0,0.2222222222222222,0.36363636363636365,0.5353585728299243,0.7586206896551724,1.0,0.2222222222222222,0.36363636363636365,0.5353585728299243,0.7241379310344828,0.75,0.16666666666666666,0.2727272727272727,0.5523847286674924,0.03448275862068961,0.25,0.05555555555555555,0.09090909090909094,0.01702615583756817,22
15,breast-w,0.9571428571428572,0.9534883720930233,0.9111111111111111,0.9318181818181818,0.24773321714318644,0.9571428571428572,0.9534883720930233,0.9111111111111111,0.9318181818181818,0.24773321714318644,0.9571428571428572,0.9148936170212766,0.9555555555555556,0.9347826086956522,0.25276445334074105,0.0,0.0385947550717467,0.04444444444444451,0.0029644268774704496,0.005031236197554606,55
25,colic,0.8648648648648649,0.8636363636363636,0.7307692307692307,0.7916666666666666,0.4129783346585963,0.8648648648648649,0.8636363636363636,0.7307692307692307,0.7916666666666666,0.4129783346585963,0.8648648648648649,0.8636363636363636,0.7307692307692307,0.7916666666666666,0.4127658660198534,0.0,0.0,0.0,0.0,0.0002124686387429131,29
27,colic,0.8648648648648649,0.88,0.9166666666666666,0.8979591836734694,0.4198042458385821,0.8648648648648649,0.88,0.9166666666666666,0.8979591836734694,0.4198042458385821,0.8783783783783784,0.8823529411764706,0.9375,0.9090909090909091,0.4175376785062044,0.013513513513513487,0.0023529411764705577,0.02083333333333337,0.011131725417439675,0.0022665673323777336,29
29,credit-approval,0.8115942028985508,0.7916666666666666,0.8382352941176471,0.8142857142857143,0.47617620922864323,0.8115942028985508,0.7916666666666666,0.8382352941176471,0.8142857142857143,0.47617620922864323,0.8188405797101449,0.7471264367816092,0.9558823529411765,0.8387096774193549,0.4827272439116682,0.007246376811594124,0.04454022988505746,0.11764705882352944,0.02442396313364059,0.006551034683024981,55
37,diabetes,0.7857142857142857,0.7619047619047619,0.5818181818181818,0.6597938144329897,0.5168966350771845,0.7857142857142857,0.7619047619047619,0.5818181818181818,0.6597938144329897,0.5168966350771845,0.7532467532467533,0.6666666666666666,0.6181818181818182,0.6415094339622641,0.5150173555938646,0.03246753246753242,0.09523809523809523,0.036363636363636376,0.01828438047072556,0.0018792794833198956,61
40,sonar,0.7380952380952381,0.631578947368421,0.75,0.6857142857142857,0.5323433539774376,0.7380952380952381,0.631578947368421,0.75,0.6857142857142857,0.5323433539774376,0.7857142857142857,0.6842105263157895,0.8125,0.7428571428571429,0.5105689051001016,0.04761904761904756,0.052631578947368474,0.0625,0.05714285714285716,0.02177444887733604,16
43,haberman,0.7096774193548387,0.5,0.2777777777777778,0.35714285714285715,0.5970492105700798,0.7096774193548387,0.5,0.2777777777777778,0.35714285714285715,0.5970492105700798,0.7096774193548387,0.5,0.2777777777777778,0.35714285714285715,0.588407842408071,0.0,0.0,0.0,0.0,0.008641368162008778,24
49,heart-c,0.8360655737704918,0.8666666666666667,0.8125,0.8387096774193549,0.47164200661426464,0.8360655737704918,0.8666666666666667,0.8125,0.8387096774193549,0.47164200661426464,0.8360655737704918,0.8666666666666667,0.8125,0.8387096774193549,0.47963580872934614,0.0,0.0,0.0,0.0,0.007993802115081494,24
50,tic-tac-toe,0.7447916666666666,0.7261904761904762,0.976,0.8327645051194539,0.5441997059156044,0.7447916666666666,0.7261904761904762,0.976,0.8327645051194539,0.5441997059156044,0.7239583333333334,0.7142857142857143,0.96,0.8191126279863481,0.5560592949251472,0.02083333333333326,0.011904761904761862,0.016000000000000014,0.013651877133105783,0.01185958900954276,76
51,heart-h,0.864406779661017,0.782608695652174,0.8571428571428571,0.8181818181818182,0.4374263955053091,0.864406779661017,0.782608695652174,0.8571428571428571,0.8181818181818182,0.4374263955053091,0.864406779661017,0.782608695652174,0.8571428571428571,0.8181818181818182,0.4511663998928332,0.0,0.0,0.0,0.0,0.013740004387524096,23
52,trains,0.5,0.5,1.0,0.6666666666666666,0.6938972886111388,0.5,0.5,1.0,0.6666666666666666,0.7096934773525254,0.5,0.5,1.0,0.6666666666666666,0.7096432778669358,0.0,0.0,0.0,0.0,5.019948558959708e-05,1
53,heart-statlog,0.7777777777777778,0.7647058823529411,0.6190476190476191,0.6842105263157895,0.5001051034537389,0.7777777777777778,0.7647058823529411,0.6190476190476191,0.6842105263157895,0.5001051034537389,0.8148148148148148,0.8235294117647058,0.6666666666666666,0.7368421052631579,0.4895816788142708,0.03703703703703698,0.05882352941176472,0.04761904761904756,0.05263157894736836,0.010523424639468149,21
55,hepatitis,0.6774193548387096,0.75,0.875,0.8076923076923077,0.6510883550004847,0.6774193548387096,0.75,0.875,0.8076923076923077,0.6510883550004847,0.7096774193548387,0.7586206896551724,0.9166666666666666,0.8301886792452831,0.6241598637710117,0.032258064516129115,0.008620689655172376,0.04166666666666663,0.022496371552975347,0.02692849122947294,12
56,vote,0.9425287356321839,0.9333333333333333,0.9032258064516129,0.9180327868852459,0.253867867189635,0.9425287356321839,0.9333333333333333,0.9032258064516129,0.9180327868852459,0.253867867189635,0.9310344827586207,0.9629629629629629,0.8387096774193549,0.896551724137931,0.2636768787255629,0.011494252873563204,0.02962962962962956,0.06451612903225801,0.021481062747314872,0.009809011535927892,34
59,ionosphere,0.8873239436619719,0.8571428571428571,0.9767441860465116,0.9130434782608695,0.3639006869556416,0.8873239436619719,0.8571428571428571,0.9767441860465116,0.9130434782608695,0.3639006869556416,0.9014084507042254,0.8913043478260869,0.9534883720930233,0.9213483146067416,0.36918531272301347,0.014084507042253502,0.03416149068322982,0.023255813953488302,0.00830483634587209,0.0052846257673718755,28
164,molecular-biology_promoters,0.8636363636363636,0.9,0.8181818181818182,0.8571428571428571,0.44615724883881747,0.8636363636363636,0.9,0.8181818181818182,0.8571428571428571,0.44615724883881747,0.8636363636363636,0.9,0.8181818181818182,0.8571428571428571,0.45759249783614825,0.0,0.0,0.0,0.0,0.011435248997330782,8
311,oil_spill,0.9840425531914894,1.0,0.5,0.6666666666666666,0.07875403678512408,0.9840425531914894,1.0,0.5,0.6666666666666666,0.07875403678512408,0.9840425531914894,0.7142857142857143,0.8333333333333334,0.7692307692307693,0.07442704725842031,0.0,0.2857142857142857,0.33333333333333337,0.10256410256410264,0.004326989526703767,74
333,monks-problems-1,0.6964285714285714,1.0,0.45161290322580644,0.6222222222222222,0.5344057770556475,0.6964285714285714,1.0,0.45161290322580644,0.6222222222222222,0.5344057770556475,0.6964285714285714,0.868421052631579,0.532258064516129,0.66,0.4924741396957783,0.0,0.13157894736842102,0.08064516129032256,0.0377777777777778,0.04193163735986921,44
334,monks-problems-2,0.628099173553719,0.0,0.0,0.0,0.6457925878205669,0.628099173553719,0.0,0.0,0.0,0.6457925878205669,0.6198347107438017,0.0,0.0,0.0,0.6537307183817005,0.008264462809917328,0.0,0.0,0.0,0.007938130561133572,48
335,monks-problems-3,0.954954954954955,0.9787234042553191,0.92,0.9484536082474226,0.258126638956817,0.954954954954955,0.9787234042553191,0.92,0.9484536082474226,0.258126638956817,0.954954954954955,0.9787234042553191,0.92,0.9484536082474226,0.2586592798128665,0.0,0.0,0.0,0.0,0.0005326408560495377,44
336,SPECT,0.8333333333333334,0.8333333333333334,1.0,0.9090909090909091,0.4300072638008213,0.8333333333333334,0.8333333333333334,1.0,0.9090909090909091,0.4300072638008213,0.8333333333333334,0.8333333333333334,1.0,0.9090909090909091,0.4474125856260471,0.0,0.0,0.0,0.0,0.01740532182522575,21
337,SPECTF,0.8714285714285714,0.8596491228070176,0.98,0.9158878504672897,0.41337155951186216,0.8714285714285714,0.8596491228070176,0.98,0.9158878504672897,0.41337155951186216,0.8285714285714286,0.8166666666666667,0.98,0.8909090909090909,0.40463886250565306,0.042857142857142816,0.0429824561403509,0.0,0.024978759558198838,0.0087326970062091,27
346,aids,0.2,0.0,0.0,0.0,0.9672728849145589,0.2,0.0,0.0,0.0,0.9672728849145589,0.4,0.0,0.0,0.0,0.8941640442364445,0.2,0.0,0.0,0.0,0.0731088406781144,4
376,SyskillWebert-Sheep,0.6153846153846154,0.5,0.2,0.2857142857142857,0.8070849042803646,0.6153846153846154,0.5,0.2,0.2857142857142857,0.8070849042803646,0.6153846153846154,0.0,0.0,0.0,0.7783759627405135,0.0,0.5,0.2,0.2857142857142857,0.02870894153985115,5
444,analcatdata_boxing2,0.8888888888888888,0.85,1.0,0.918918918918919,0.4385567599789192,0.8888888888888888,0.85,1.0,0.918918918918919,0.4385567599789192,0.8888888888888888,0.85,1.0,0.918918918918919,0.43726563203126534,0.0,0.0,0.0,0.0,0.0012911279476538473,10
446,prnn_crabs,0.875,1.0,0.7368421052631579,0.8484848484848485,0.4025763858170407,0.875,1.0,0.7368421052631579,0.8484848484848485,0.4025763858170407,0.875,1.0,0.7368421052631579,0.8484848484848485,0.4045982181912501,0.0,0.0,0.0,0.0,0.002021832374209387,16
448,analcatdata_boxing1,0.7916666666666666,0.7894736842105263,0.9375,0.8571428571428571,0.4953680103639098,0.7916666666666666,0.7894736842105263,0.9375,0.8571428571428571,0.4953680103639098,0.8333333333333334,0.875,0.875,0.875,0.5109374116758907,0.04166666666666674,0.08552631578947367,0.0625,0.017857142857142905,0.015569401311980868,9
450,analcatdata_lawsuit,0.9245283018867925,0.6666666666666666,0.4,0.5,0.2662449158159599,0.9245283018867925,0.6666666666666666,0.4,0.5,0.2662449158159599,0.9245283018867925,0.6666666666666666,0.4,0.5,0.26293474315952997,0.0,0.0,0.0,0.0,0.0033101726564299105,21
451,irish,0.95,0.96,0.9411764705882353,0.9504950495049505,0.26953014544195514,0.95,0.96,0.9411764705882353,0.9504950495049505,0.26953014544195514,0.95,0.96,0.9411764705882353,0.9504950495049505,0.26962939174700323,0.0,0.0,0.0,0.0,9.924630504809517e-05,40
459,analcatdata_asbestos,0.8235294117647058,1.0,0.7,0.8235294117647058,0.538890017243955,0.8235294117647058,1.0,0.7,0.8235294117647058,0.538890017243955,0.5294117647058824,1.0,0.2,0.3333333333333333,0.5940175422601839,0.2941176470588235,0.0,0.49999999999999994,0.49019607843137253,0.05512752501622886,6
461,analcatdata_creditscore,1.0,1.0,1.0,1.0,0.1447622838811744,1.0,1.0,1.0,1.0,0.1447622838811744,1.0,1.0,1.0,1.0,0.1423856230463137,0.0,0.0,0.0,0.0,0.002376660834860711,8
463,backache,0.8611111111111112,1.0,0.16666666666666666,0.2857142857142857,0.4122382017435752,0.8611111111111112,1.0,0.16666666666666666,0.2857142857142857,0.4122382017435752,0.8333333333333334,0.0,0.0,0.0,0.4493096212897767,0.02777777777777779,1.0,0.16666666666666666,0.2857142857142857,0.03707141954620147,14
464,prnn_synth,0.9,0.95,0.8260869565217391,0.8837209302325582,0.3953700259388118,0.9,0.95,0.8260869565217391,0.8837209302325582,0.3953700259388118,0.84,0.9411764705882353,0.6956521739130435,0.8,0.427359793479198,0.06000000000000005,0.008823529411764675,0.13043478260869568,0.08372093023255811,0.03198976754038618,20
465,analcatdata_cyyoung8092,0.7,0.5,0.16666666666666666,0.25,0.49932718546052407,0.7,0.5,0.16666666666666666,0.25,0.49932718546052407,0.75,0.6,0.5,0.5454545454545454,0.4499621115030085,0.050000000000000044,0.09999999999999998,0.33333333333333337,0.2954545454545454,0.04936507395751555,7
466,schizo,0.8088235294117647,0.7857142857142857,0.7586206896551724,0.7719298245614035,0.5694314269953895,0.8088235294117647,0.7857142857142857,0.7586206896551724,0.7719298245614035,0.5694314269953895,0.7794117647058824,0.7916666666666666,0.6551724137931034,0.7169811320754716,0.576554342621037,0.02941176470588236,0.005952380952380931,0.10344827586206895,0.054948692485931816,0.007122915625647486,27
467,analcatdata_japansolvent,0.7272727272727273,0.8,0.6666666666666666,0.7272727272727273,0.5264439126785359,0.7272727272727273,0.8,0.6666666666666666,0.7272727272727273,0.5264439126785359,0.8181818181818182,0.8333333333333334,0.8333333333333334,0.8333333333333334,0.5215990796799863,0.09090909090909094,0.033333333333333326,0.16666666666666674,0.10606060606060608,0.004844832998549542,4
470,profb,0.6814814814814815,0.75,0.06666666666666667,0.12244897959183673,0.6058378408694641,0.6814814814814815,0.75,0.06666666666666667,0.12244897959183673,0.6058378408694641,0.6814814814814815,0.6666666666666666,0.08888888888888889,0.1568627450980392,0.5991824636483837,0.0,0.08333333333333337,0.022222222222222227,0.03441376550620248,0.00665537722108045,53
472,lupus,0.9444444444444444,0.875,1.0,0.9333333333333333,0.4141912897040101,0.9444444444444444,0.875,1.0,0.9333333333333333,0.4141912897040101,0.9444444444444444,0.875,1.0,0.9333333333333333,0.4116049341810824,0.0,0.0,0.0,0.0,0.0025863555229276858,6
476,analcatdata_bankruptcy,0.7,0.5,0.6666666666666666,0.5714285714285714,0.537114112359069,0.7,0.5,0.6666666666666666,0.5714285714285714,0.537114112359069,0.6,0.4,0.6666666666666666,0.5,0.5469997911922914,0.09999999999999998,0.09999999999999998,0.0,0.0714285714285714,0.009885678833222333,4
479,analcatdata_cyyoung9302,0.8421052631578947,1.0,0.4,0.5714285714285714,0.2990326214971584,0.8421052631578947,1.0,0.4,0.5714285714285714,0.2990326214971584,0.8421052631578947,1.0,0.4,0.5714285714285714,0.3934808277991705,0.0,0.0,0.0,0.0,0.09444820630201206,7
481,biomed,0.8333333333333334,0.896551724137931,0.8666666666666667,0.8813559322033898,0.3768881021271657,0.8333333333333334,0.896551724137931,0.8666666666666667,0.8813559322033898,0.3768881021271657,0.8571428571428571,0.9,0.9,0.9,0.3722592954699322,0.023809523809523725,0.0034482758620689724,0.033333333333333326,0.01864406779661021,0.004628806657233531,16
682,sleuth_ex2016,0.5,0.2857142857142857,0.3333333333333333,0.3076923076923077,0.7584037708029427,0.5,0.2857142857142857,0.3333333333333333,0.3076923076923077,0.7584037708029427,0.6111111111111112,0.42857142857142855,0.5,0.46153846153846156,0.7197450680453021,0.11111111111111116,0.14285714285714285,0.16666666666666669,0.15384615384615385,0.038658702757640606,6
683,sleuth_ex2015,0.5,0.6666666666666666,0.5,0.5714285714285714,0.9854844813128542,0.5,0.6666666666666666,0.5,0.5714285714285714,0.9854844813128542,0.3333333333333333,0.5,0.375,0.42857142857142855,1.0166404349450744,0.16666666666666669,0.16666666666666663,0.125,0.14285714285714285,0.031155953632220235,4
713,vineyard,0.9090909090909091,0.8333333333333334,1.0,0.9090909090909091,0.4439707215119015,0.9090909090909091,0.8333333333333334,1.0,0.9090909090909091,0.4439707215119015,0.9090909090909091,0.8333333333333334,1.0,0.9090909090909091,0.42267275449344005,0.0,0.0,0.0,0.0,0.021297967018461428,4
714,fruitfly,0.52,0.6190476190476191,0.7647058823529411,0.6842105263157895,0.7342028244755938,0.52,0.6190476190476191,0.7647058823529411,0.6842105263157895,0.7342028244755938,0.6,0.6521739130434783,0.8823529411764706,0.75,0.7605371049855016,0.07999999999999996,0.0331262939958592,0.11764705882352944,0.06578947368421051,0.026334280509907826,10
716,fri_c3_100_50,0.9,1.0,0.7777777777777778,0.875,0.4347924292407793,0.9,1.0,0.7777777777777778,0.875,0.4347924292407793,0.75,1.0,0.4444444444444444,0.6153846153846154,0.47839100405830975,0.15000000000000002,0.0,0.33333333333333337,0.2596153846153846,0.04359857481753043,8
717,rmftsa_ladata,0.8725490196078431,0.8571428571428571,0.9310344827586207,0.8925619834710744,0.38880403144913966,0.8725490196078431,0.8571428571428571,0.9310344827586207,0.8925619834710744,0.38880403144913966,0.8529411764705882,0.8412698412698413,0.9137931034482759,0.8760330578512396,0.40969063254454624,0.019607843137254943,0.015873015873015817,0.01724137931034475,0.016528925619834767,0.020886601095406576,40
719,veteran,0.7142857142857143,0.7619047619047619,0.8421052631578947,0.8,0.5714487638482627,0.7142857142857143,0.7619047619047619,0.8421052631578947,0.8,0.5714487638482627,0.7142857142857143,0.7391304347826086,0.8947368421052632,0.8095238095238095,0.6081826029534346,0.0,0.022774327122153215,0.052631578947368474,0.00952380952380949,0.03673383910517192,10
721,pwLinear,0.825,0.8461538461538461,0.88,0.8627450980392157,0.5645645638911011,0.825,0.8461538461538461,0.88,0.8627450980392157,0.5645645638911011,0.85,0.8518518518518519,0.92,0.8846153846153846,0.5363168752731756,0.025000000000000022,0.005698005698005715,0.040000000000000036,0.02187028657616885,0.02824768861792548,16
724,analcatdata_vineyard,0.6914893617021277,0.6415094339622641,0.7727272727272727,0.7010309278350515,0.5384759316172759,0.6914893617021277,0.6415094339622641,0.7727272727272727,0.7010309278350515,0.5384759316172759,0.6914893617021277,0.6415094339622641,0.7727272727272727,0.7010309278350515,0.5360044433447605,0.0,0.0,0.0,0.0,0.002471488272515421,37
726,fri_c2_100_5,0.75,0.8181818181818182,0.75,0.782608695652174,0.5884763413233934,0.75,0.8181818181818182,0.75,0.782608695652174,0.5884763413233934,0.75,0.8181818181818182,0.75,0.782608695652174,0.5642862047519592,0.0,0.0,0.0,0.0,0.024190136571434206,8
729,visualizing_slope,1.0,1.0,1.0,1.0,0.3108621717438263,1.0,1.0,1.0,1.0,0.3108621717438263,1.0,1.0,1.0,1.0,0.23613340004779249,0.0,0.0,0.0,0.0,0.07472877169603381,3
730,fri_c1_250_5,0.88,0.9047619047619048,0.8260869565217391,0.8636363636363636,0.3964662892420222,0.88,0.9047619047619048,0.8260869565217391,0.8636363636363636,0.3964662892420222,0.86,0.8333333333333334,0.8695652173913043,0.851063829787234,0.37971932772834954,0.020000000000000018,0.0714285714285714,0.04347826086956519,0.012572533849129597,0.016746961513672665,20
731,baskball,0.7,0.5833333333333334,0.875,0.7,0.5803813703376144,0.7,0.5833333333333334,0.875,0.7,0.5803813703376144,0.65,0.5384615384615384,0.875,0.6666666666666666,0.5870749800735732,0.04999999999999993,0.044871794871794934,0.0,0.033333333333333326,0.006693609735958783,7
732,fri_c0_250_50,0.86,0.8518518518518519,0.8846153846153846,0.8679245283018868,0.48827311406747503,0.86,0.8518518518518519,0.8846153846153846,0.8679245283018868,0.48827311406747503,0.8,0.7666666666666667,0.8846153846153846,0.8214285714285714,0.5408622168538861,0.05999999999999994,0.08518518518518514,0.0,0.046495956873315425,0.0525891027864111,20
733,machine_cpu,0.9285714285714286,0.9666666666666667,0.9354838709677419,0.9508196721311475,0.24760610973551736,0.9285714285714286,0.9666666666666667,0.9354838709677419,0.9508196721311475,0.24760610973551736,0.9523809523809523,0.967741935483871,0.967741935483871,0.967741935483871,0.24566346542043732,0.023809523809523725,0.0010752688172043223,0.032258064516129115,0.01692226335272351,0.0019426443150800388,16
736,visualizing_environmental,0.7391304347826086,1.0,0.6,0.75,0.5564411870231241,0.7391304347826086,1.0,0.6,0.75,0.5564411870231241,0.6956521739130435,0.8333333333333334,0.6666666666666666,0.7407407407407407,0.5206621253673246,0.04347826086956519,0.16666666666666663,0.06666666666666665,0.0092592592592593,0.03577906165579947,8
738,pharynx,0.6666666666666666,0.6470588235294118,0.9565217391304348,0.7719298245614035,0.5778207680590877,0.6666666666666666,0.6470588235294118,0.9565217391304348,0.7719298245614035,0.5778207680590877,0.6410256410256411,0.6363636363636364,0.9130434782608695,0.75,0.5986225049220565,0.02564102564102555,0.010695187165775444,0.0434782608695653,0.021929824561403466,0.020801736862968823,15
739,sleep,0.7692307692307693,0.8571428571428571,0.75,0.8,0.5910814812774932,0.7692307692307693,0.8571428571428571,0.75,0.8,0.5910814812774932,0.7692307692307693,0.8571428571428571,0.75,0.8,0.6008544178408559,0.0,0.0,0.0,0.0,0.009772936563362755,4
742,fri_c4_500_100,0.9,0.8974358974358975,0.8536585365853658,0.875,0.39845406866937666,0.9,0.8974358974358975,0.8536585365853658,0.875,0.39845406866937666,0.87,0.85,0.8292682926829268,0.8395061728395061,0.40135563572166544,0.030000000000000027,0.04743589743589749,0.024390243902439046,0.035493827160493874,0.002901567052288778,40
744,fri_c3_250_5,0.86,0.9411764705882353,0.7272727272727273,0.8205128205128205,0.4013046690593228,0.86,0.9411764705882353,0.7272727272727273,0.8205128205128205,0.4013046690593228,0.84,1.0,0.6363636363636364,0.7777777777777778,0.4227350913081527,0.020000000000000018,0.05882352941176472,0.09090909090909094,0.042735042735042694,0.02143042224882985,20
745,auto_price,0.875,0.95,0.8636363636363636,0.9047619047619048,0.31727663501450754,0.875,0.95,0.8636363636363636,0.9047619047619048,0.31727663501450754,0.875,0.95,0.8636363636363636,0.9047619047619048,0.3143120122041544,0.0,0.0,0.0,0.0,0.002964622810353146,12
746,fri_c1_250_25,0.92,0.9583333333333334,0.8846153846153846,0.92,0.3931422352998246,0.92,0.9583333333333334,0.8846153846153846,0.92,0.3931422352998246,0.92,0.9230769230769231,0.9230769230769231,0.9230769230769231,0.4185969737073066,0.0,0.03525641025641024,0.03846153846153855,0.003076923076923088,0.02545473840748197,20
747,servo,0.8823529411764706,0.9130434782608695,0.9130434782608695,0.9130434782608695,0.27965202651392973,0.8823529411764706,0.9130434782608695,0.9130434782608695,0.9130434782608695,0.27965202651392973,0.8823529411764706,0.9130434782608695,0.9130434782608695,0.9130434782608695,0.2830883677445546,0.0,0.0,0.0,0.0,0.003436341230624862,13
748,analcatdata_wildcat,0.7272727272727273,0.7916666666666666,0.8260869565217391,0.8085106382978723,0.4976548850536073,0.7272727272727273,0.7916666666666666,0.8260869565217391,0.8085106382978723,0.4976548850536073,0.7575757575757576,0.8,0.8695652173913043,0.8333333333333334,0.4531305842854626,0.030303030303030276,0.008333333333333415,0.04347826086956519,0.024822695035461084,0.044524300768144676,13
749,fri_c3_500_5,0.83,0.9130434782608695,0.7636363636363637,0.8316831683168316,0.4329441327000532,0.83,0.9130434782608695,0.7636363636363637,0.8316831683168316,0.4329441327000532,0.81,0.875,0.7636363636363637,0.8155339805825242,0.4411166284598622,0.019999999999999907,0.03804347826086951,0.0,0.016149187734307402,0.008172495759808995,40
750,pm10,0.54,0.5396825396825397,0.6666666666666666,0.5964912280701754,0.6847332176283443,0.54,0.5396825396825397,0.6666666666666666,0.5964912280701754,0.6847332176283443,0.55,0.5483870967741935,0.6666666666666666,0.6017699115044248,0.6887344817802501,0.010000000000000009,0.008704557091653853,0.0,0.0052786834342494204,0.004001264151905826,40
753,wisconsin,0.48717948717948717,0.5185185185185185,0.6666666666666666,0.5833333333333334,0.6755934225378285,0.48717948717948717,0.5185185185185185,0.6666666666666666,0.5833333333333334,0.6755934225378285,0.5897435897435898,0.6086956521739131,0.6666666666666666,0.6363636363636364,0.6632981932448767,0.10256410256410259,0.09017713365539459,0.0,0.05303030303030298,0.012295229292951793,15
754,fri_c0_100_5,0.8,1.0,0.6923076923076923,0.8181818181818182,0.46794668246173493,0.8,1.0,0.6923076923076923,0.8181818181818182,0.46794668246173493,0.75,1.0,0.6153846153846154,0.7619047619047619,0.5256825413223164,0.050000000000000044,0.0,0.07692307692307687,0.05627705627705637,0.05773585886058147,8
755,sleuth_ex1605,0.7692307692307693,0.7142857142857143,0.8333333333333334,0.7692307692307693,0.553431336289078,0.7692307692307693,0.7142857142857143,0.8333333333333334,0.7692307692307693,0.553431336289078,0.7692307692307693,0.7142857142857143,0.8333333333333334,0.7692307692307693,0.5757553567471702,0.0,0.0,0.0,0.0,0.02232402045809212,4
756,autoPrice,0.875,0.95,0.8636363636363636,0.9047619047619048,0.31727663501450754,0.875,0.95,0.8636363636363636,0.9047619047619048,0.31727663501450754,0.875,0.95,0.8636363636363636,0.9047619047619048,0.30657009430909476,0.0,0.0,0.0,0.0,0.01070654070541277,12
757,meta,0.8962264150943396,0.8962264150943396,1.0,0.945273631840796,0.2659741046807146,0.8962264150943396,0.8962264150943396,1.0,0.945273631840796,0.2659741046807146,0.8962264150943396,0.8962264150943396,1.0,0.945273631840796,0.2636743513123667,0.0,0.0,0.0,0.0,0.0022997533683478677,42
758,analcatdata_election2000,0.9285714285714286,1.0,0.8571428571428571,0.9230769230769231,0.2853822084165906,0.9285714285714286,1.0,0.8571428571428571,0.9230769230769231,0.2853822084165906,0.9285714285714286,1.0,0.8571428571428571,0.9230769230769231,0.2864769323348906,0.0,0.0,0.0,0.0,0.0010947239182999557,5
759,analcatdata_olympic2000,1.0,1.0,1.0,1.0,0.19927364516891408,1.0,1.0,1.0,1.0,0.19927364516891408,1.0,1.0,1.0,1.0,0.19756021146365346,0.0,0.0,0.0,0.0,0.0017134337052606141,5
760,analcatdata_uktrainacc,1.0,1.0,1.0,1.0,0.10485543414292327,1.0,1.0,1.0,1.0,0.10485543414292327,1.0,1.0,1.0,1.0,0.07756310741938573,0.0,0.0,0.0,0.0,0.02729232672353754,2
762,fri_c2_100_10,0.9,0.8888888888888888,0.8888888888888888,0.8888888888888888,0.3619953932856595,0.9,0.8888888888888888,0.8888888888888888,0.8888888888888888,0.3619953932856595,0.85,0.75,1.0,0.8571428571428571,0.4279019352098066,0.050000000000000044,0.13888888888888884,0.11111111111111116,0.031746031746031744,0.06590654192414713,8
763,fri_c0_250_10,0.8,0.8333333333333334,0.7692307692307693,0.8,0.528267837948441,0.8,0.8333333333333334,0.7692307692307693,0.8,0.528267837948441,0.76,0.8181818181818182,0.6923076923076923,0.75,0.533664420782922,0.040000000000000036,0.015151515151515138,0.07692307692307698,0.050000000000000044,0.005396582834480967,20
764,analcatdata_apnea3,0.8888888888888888,0.8888888888888888,1.0,0.9411764705882353,0.29717417881359065,0.8888888888888888,0.8888888888888888,1.0,0.9411764705882353,0.29717417881359065,0.8888888888888888,0.8888888888888888,1.0,0.9411764705882353,0.2828554565196735,0.0,0.0,0.0,0.0,0.014318722293917174,36
765,analcatdata_apnea2,0.8526315789473684,0.8526315789473684,1.0,0.9204545454545454,0.32383082299751015,0.8526315789473684,0.8526315789473684,1.0,0.9204545454545454,0.32383082299751015,0.8526315789473684,0.8526315789473684,1.0,0.9204545454545454,0.3227475841599585,0.0,0.0,0.0,0.0,0.0010832388375516255,38
766,fri_c1_500_50,0.78,0.7636363636363637,0.8235294117647058,0.7924528301886793,0.4841045278423329,0.78,0.7636363636363637,0.8235294117647058,0.7924528301886793,0.4841045278423329,0.77,0.7592592592592593,0.803921568627451,0.780952380952381,0.5150301384091577,0.010000000000000009,0.004377104377104368,0.019607843137254832,0.011500449236298338,0.0309256105668248,40
767,analcatdata_apnea1,0.8842105263157894,0.8842105263157894,1.0,0.9385474860335196,0.2938057948511103,0.8842105263157894,0.8842105263157894,1.0,0.9385474860335196,0.2938057948511103,0.8736842105263158,0.9,0.9642857142857143,0.9310344827586207,0.280553020650722,0.010526315789473606,0.015789473684210575,0.0357142857142857,0.0075130032748988995,0.013252774200388284,38
768,fri_c3_100_25,0.65,0.5,0.42857142857142855,0.46153846153846156,0.621563155935337,0.65,0.5,0.42857142857142855,0.46153846153846156,0.621563155935337,0.75,0.75,0.42857142857142855,0.5454545454545454,0.5173604754071937,0.09999999999999998,0.25,0.0,0.08391608391608385,0.1042026805281433,8
769,fri_c1_250_50,0.74,0.7058823529411765,0.6,0.6486486486486487,0.47263232688578527,0.74,0.7058823529411765,0.6,0.6486486486486487,0.47263232688578527,0.84,0.875,0.7,0.7777777777777778,0.4554041080728639,0.09999999999999998,0.16911764705882348,0.09999999999999998,0.1291291291291291,0.01722821881292136,20
770,strikes,0.856,0.825,0.9428571428571428,0.88,0.4293409203706503,0.856,0.825,0.9428571428571428,0.88,0.4293409203706503,0.848,0.8227848101265823,0.9285714285714286,0.87248322147651,0.4196226717335323,0.008000000000000007,0.0022151898734176223,0.014285714285714235,0.007516778523489975,0.00971824863711801,50
771,analcatdata_michiganacc,0.7272727272727273,0.6428571428571429,0.9,0.75,0.5326784153367587,0.7272727272727273,0.6428571428571429,0.9,0.75,0.5326784153367587,0.8636363636363636,0.8181818181818182,0.9,0.8571428571428571,0.47290634933998094,0.13636363636363635,0.17532467532467533,0.0,0.1071428571428571,0.05977206599677781,8
773,fri_c0_250_25,0.84,0.8518518518518519,0.8518518518518519,0.8518518518518519,0.46104159195640676,0.84,0.8518518518518519,0.8518518518518519,0.8518518518518519,0.46104159195640676,0.82,0.8461538461538461,0.8148148148148148,0.8301886792452831,0.484202037562572,0.020000000000000018,0.005698005698005715,0.03703703703703709,0.021663172606568804,0.02316044560616526,20
774,disclosure_x_bias,0.6090225563909775,0.6447368421052632,0.6621621621621622,0.6533333333333333,0.6802734905068168,0.6090225563909775,0.6447368421052632,0.6621621621621622,0.6533333333333333,0.6802734905068168,0.5864661654135338,0.6233766233766234,0.6486486486486487,0.6357615894039735,0.6793778104780464,0.022556390977443663,0.0213602187286398,0.013513513513513487,0.017571743929359784,0.0008956800287704958,52
775,fri_c2_100_25,0.75,0.5714285714285714,0.6666666666666666,0.6153846153846154,0.5962725199432418,0.75,0.5714285714285714,0.6666666666666666,0.6153846153846154,0.5962725199432418,0.75,0.5714285714285714,0.6666666666666666,0.6153846153846154,0.5348136347327859,0.0,0.0,0.0,0.0,0.06145888521045595,8
776,fri_c0_250_5,0.82,0.75,0.7058823529411765,0.7272727272727273,0.494683260916379,0.82,0.75,0.7058823529411765,0.7272727272727273,0.494683260916379,0.82,0.7857142857142857,0.6470588235294118,0.7096774193548387,0.48570377403272735,0.0,0.0357142857142857,0.05882352941176472,0.017595307917888547,0.008979486883651633,20
777,sleuth_ex1714,0.7,0.75,0.6,0.6666666666666666,0.6452592150002285,0.7,0.75,0.6,0.6666666666666666,0.6452592150002285,0.7,0.75,0.6,0.6666666666666666,0.6452503971342725,0.0,0.0,0.0,0.0,8.817865956078919e-06,3
778,bodyfat,1.0,1.0,1.0,1.0,0.1983832054931249,1.0,1.0,1.0,1.0,0.1983832054931249,1.0,1.0,1.0,1.0,0.1996535694612863,0.0,0.0,0.0,0.0,0.001270363968161381,20
779,fri_c1_500_25,0.82,0.7954545454545454,0.7954545454545454,0.7954545454545454,0.46016609219494603,0.82,0.7954545454545454,0.7954545454545454,0.7954545454545454,0.46016609219494603,0.83,0.8292682926829268,0.7727272727272727,0.8,0.45443750244083264,0.010000000000000009,0.033813747228381374,0.022727272727272707,0.00454545454545463,0.005728589754113389,40
780,rabe_265,0.8181818181818182,1.0,0.75,0.8571428571428571,0.5553653997219423,0.8181818181818182,1.0,0.75,0.8571428571428571,0.5553653997219423,0.8181818181818182,1.0,0.75,0.8571428571428571,0.5825773780722685,0.0,0.0,0.0,0.0,0.027211978350326183,4
782,rabe_266,0.8333333333333334,0.8333333333333334,0.8333333333333334,0.8333333333333334,0.406261622506549,0.8333333333333334,0.8333333333333334,0.8333333333333334,0.8333333333333334,0.406261622506549,0.8333333333333334,0.8333333333333334,0.8333333333333334,0.8333333333333334,0.3908370056751193,0.0,0.0,0.0,0.0,0.015424616831429705,9
783,fri_c3_100_10,0.9,1.0,0.7142857142857143,0.8333333333333334,0.42193673206052534,0.9,1.0,0.7142857142857143,0.8333333333333334,0.42193673206052534,0.8,1.0,0.42857142857142855,0.6,0.4900887375277045,0.09999999999999998,0.0,0.28571428571428575,0.2333333333333334,0.06815200546717914,8
784,newton_hema,0.8214285714285714,0.8666666666666667,0.8125,0.8387096774193549,0.5248942194944063,0.8214285714285714,0.8666666666666667,0.8125,0.8387096774193549,0.5248942194944063,0.8214285714285714,0.8666666666666667,0.8125,0.8387096774193549,0.5253528258507825,0.0,0.0,0.0,0.0,0.00045860635637617886,11
785,wind_correlations,0.8888888888888888,0.8,1.0,0.8888888888888888,0.3695190312731692,0.8888888888888888,0.8,1.0,0.8888888888888888,0.3695190312731692,0.8888888888888888,0.8,1.0,0.8888888888888888,0.38007353199602584,0.0,0.0,0.0,0.0,0.01055450072285663,3
786,cleveland,0.8360655737704918,0.7714285714285715,0.9310344827586207,0.84375,0.4512589689262789,0.8360655737704918,0.7714285714285715,0.9310344827586207,0.84375,0.4512589689262789,0.8688524590163934,0.8,0.9655172413793104,0.875,0.4472418849914673,0.032786885245901565,0.02857142857142858,0.034482758620689724,0.03125,0.004017083934811649,24
787,witmer_census_1980,0.9,0.8333333333333334,1.0,0.9090909090909091,0.4341766452698052,0.9,0.8333333333333334,1.0,0.9090909090909091,0.4341766452698052,0.7,0.75,0.6,0.6666666666666666,0.4799349178562847,0.20000000000000007,0.08333333333333337,0.4,0.24242424242424243,0.04575827258647952,4
788,triazines,0.7105263157894737,0.7142857142857143,0.5882352941176471,0.6451612903225806,0.5506409985777438,0.7105263157894737,0.7142857142857143,0.5882352941176471,0.6451612903225806,0.5506409985777438,0.6842105263157895,0.6923076923076923,0.5294117647058824,0.6,0.5755437356744196,0.02631578947368418,0.02197802197802201,0.05882352941176472,0.04516129032258065,0.024902737096675787,14
789,fri_c1_100_10,0.6,0.5,0.5,0.5,0.6301056224857405,0.6,0.5,0.5,0.5,0.6301056224857405,0.55,0.4444444444444444,0.5,0.47058823529411764,0.6807464115108035,0.04999999999999993,0.05555555555555558,0.0,0.02941176470588236,0.05064078902506297,8
790,elusage,0.8181818181818182,0.8,0.8,0.8,0.37578652546110974,0.8181818181818182,0.8,0.8,0.8,0.37578652546110974,0.8181818181818182,0.8,0.8,0.8,0.3744850870797418,0.0,0.0,0.0,0.0,0.0013014383813679253,4
791,diabetes_numeric,0.6666666666666666,0.4,1.0,0.5714285714285714,0.49236584540402867,0.6666666666666666,0.4,1.0,0.5714285714285714,0.49236584540402867,0.8888888888888888,0.6666666666666666,1.0,0.8,0.4423834968530502,0.2222222222222222,0.2666666666666666,0.0,0.22857142857142865,0.049982348550978495,3
792,fri_c2_500_5,0.82,0.7894736842105263,0.75,0.7692307692307693,0.45295611856268103,0.82,0.7894736842105263,0.75,0.7692307692307693,0.45295611856268103,0.8,0.75,0.75,0.75,0.4299909675966838,0.019999999999999907,0.03947368421052633,0.0,0.019230769230769273,0.022965150965997216,40
793,fri_c3_250_10,0.82,0.9545454545454546,0.7241379310344828,0.8235294117647058,0.4194130778455547,0.82,0.9545454545454546,0.7241379310344828,0.8235294117647058,0.4194130778455547,0.92,0.9629629629629629,0.896551724137931,0.9285714285714286,0.3949205862259877,0.10000000000000009,0.008417508417508324,0.1724137931034483,0.10504201680672276,0.024492491619567014,20
794,fri_c2_250_25,0.84,0.8076923076923077,0.875,0.84,0.4186491060258862,0.84,0.8076923076923077,0.875,0.84,0.4186491060258862,0.84,0.8333333333333334,0.8333333333333334,0.8333333333333334,0.43609386690214935,0.0,0.02564102564102566,0.04166666666666663,0.006666666666666599,0.017444760876263177,20
795,disclosure_x_tampered,0.5714285714285714,0.5862068965517241,0.5074626865671642,0.544,0.6835006229591077,0.5714285714285714,0.5862068965517241,0.5074626865671642,0.544,0.6835006229591077,0.5112781954887218,0.5178571428571429,0.43283582089552236,0.4715447154471545,0.6843143445937326,0.06015037593984962,0.06834975369458118,0.07462686567164184,0.07245528455284556,0.0008137216346248977,52
796,cpu,0.9761904761904762,1.0,0.96875,0.9841269841269841,0.21888780667093574,0.9761904761904762,1.0,0.96875,0.9841269841269841,0.21888780667093574,0.9761904761904762,1.0,0.96875,0.9841269841269841,0.20527567233835428,0.0,0.0,0.0,0.0,0.01361213433258146,16
798,cholesterol,0.5901639344262295,0.5909090909090909,0.7878787878787878,0.6753246753246753,0.6843029609577023,0.5901639344262295,0.5909090909090909,0.7878787878787878,0.6753246753246753,0.6843029609577023,0.6229508196721312,0.625,0.7575757575757576,0.684931506849315,0.6820056180694754,0.032786885245901676,0.03409090909090906,0.030303030303030276,0.009606831524639703,0.0022973428882269165,24
800,pyrim,0.8666666666666667,1.0,0.8,0.8888888888888888,0.3443105782059506,0.8666666666666667,1.0,0.8,0.8888888888888888,0.3443105782059506,0.8666666666666667,1.0,0.8,0.8888888888888888,0.3552790460405584,0.0,0.0,0.0,0.0,0.010968467834607754,5
801,chscase_funds,0.5945945945945946,0.75,0.42857142857142855,0.5454545454545454,0.6225696835851315,0.5945945945945946,0.75,0.42857142857142855,0.5454545454545454,0.6225696835851315,0.5945945945945946,0.75,0.42857142857142855,0.5454545454545454,0.6680102519647545,0.0,0.0,0.0,0.0,0.04544056837962296,14
804,hutsof99_logis,0.7857142857142857,0.8888888888888888,0.8,0.8421052631578947,0.669263400437193,0.7857142857142857,0.8888888888888888,0.8,0.8421052631578947,0.669263400437193,0.7857142857142857,0.8888888888888888,0.8,0.8421052631578947,0.6635741975391998,0.0,0.0,0.0,0.0,0.00568920289799324,5
805,fri_c4_500_50,0.82,0.7021276595744681,0.8918918918918919,0.7857142857142857,0.4567926446203044,0.82,0.7021276595744681,0.8918918918918919,0.7857142857142857,0.4567926446203044,0.84,0.723404255319149,0.918918918918919,0.8095238095238095,0.4408407270061408,0.020000000000000018,0.021276595744680882,0.027027027027027084,0.023809523809523836,0.01595191761416359,40
808,fri_c0_100_10,0.8,0.9166666666666666,0.7857142857142857,0.8461538461538461,0.49614136956164356,0.8,0.9166666666666666,0.7857142857142857,0.8461538461538461,0.49614136956164356,0.75,0.8461538461538461,0.7857142857142857,0.8148148148148148,0.43211929064103893,0.050000000000000044,0.07051282051282048,0.0,0.031339031339031376,0.06402207892060463,8
810,pbc,0.6666666666666666,0.7674418604651163,0.6470588235294118,0.7021276595744681,0.5931151184385721,0.6666666666666666,0.7674418604651163,0.6470588235294118,0.7021276595744681,0.5931151184385721,0.6785714285714286,0.7857142857142857,0.6470588235294118,0.7096774193548387,0.5839256313487711,0.011904761904761973,0.01827242524916939,0.0,0.007549759780370646,0.009189487089801052,33
811,rmftsa_ctoarrivals,0.8490566037735849,1.0,0.7777777777777778,0.875,0.358831228565001,0.8490566037735849,1.0,0.7777777777777778,0.875,0.358831228565001,0.8490566037735849,1.0,0.7777777777777778,0.875,0.36642057571452363,0.0,0.0,0.0,0.0,0.0075893471495226406,21
812,fri_c1_100_25,0.85,0.9,0.8181818181818182,0.8571428571428571,0.46069753201845254,0.85,0.9,0.8181818181818182,0.8571428571428571,0.46069753201845254,0.85,0.9,0.8181818181818182,0.8571428571428571,0.4480298692898145,0.0,0.0,0.0,0.0,0.012667662728638063,8
814,chscase_vine2,0.7340425531914894,0.6792452830188679,0.8181818181818182,0.7422680412371134,0.5245996833751797,0.7340425531914894,0.6792452830188679,0.8181818181818182,0.7422680412371134,0.5245996833751797,0.7340425531914894,0.6792452830188679,0.8181818181818182,0.7422680412371134,0.5256734445114756,0.0,0.0,0.0,0.0,0.0010737611362958699,37
815,chscase_vine1,0.9090909090909091,0.8333333333333334,1.0,0.9090909090909091,0.33975272551277685,0.9090909090909091,0.8333333333333334,1.0,0.9090909090909091,0.33975272551277685,0.8181818181818182,1.0,0.6,0.75,0.33373711096335973,0.09090909090909083,0.16666666666666663,0.4,0.15909090909090906,0.006015614549417125,4
817,diggle_table_a1,0.6,0.75,0.5,0.6,0.8485983803383931,0.6,0.75,0.5,0.6,0.8485983803383931,0.6,0.75,0.5,0.6,0.7772804262921811,0.0,0.0,0.0,0.0,0.071317954046212,3
818,diggle_table_a2,1.0,1.0,1.0,1.0,0.19759936892565116,1.0,1.0,1.0,1.0,0.19759936892565116,1.0,1.0,1.0,1.0,0.19760808248608214,0.0,0.0,0.0,0.0,8.713560430972933e-06,24
820,chatfield_4,0.851063829787234,0.8333333333333334,0.9259259259259259,0.8771929824561403,0.3952688552763774,0.851063829787234,0.8333333333333334,0.9259259259259259,0.8771929824561403,0.3952688552763774,0.8723404255319149,0.8620689655172413,0.9259259259259259,0.8928571428571429,0.3803492508210817,0.021276595744680882,0.028735632183907955,0.0,0.015664160401002603,0.01491960445529572,18
824,fri_c1_500_10,0.88,0.8636363636363636,0.8636363636363636,0.8636363636363636,0.39545646199528334,0.88,0.8636363636363636,0.8636363636363636,0.8636363636363636,0.39545646199528334,0.89,0.8837209302325582,0.8636363636363636,0.8735632183908046,0.4061527579510687,0.010000000000000009,0.02008456659619451,0.0,0.009926854754440995,0.010696295955785362,40
825,boston_corrected,0.8725490196078431,0.8545454545454545,0.9038461538461539,0.8785046728971962,0.3896311035281832,0.8725490196078431,0.8545454545454545,0.9038461538461539,0.8785046728971962,0.3896311035281832,0.8431372549019608,0.8333333333333334,0.8653846153846154,0.8490566037735849,0.39965115274582813,0.02941176470588236,0.021212121212121127,0.038461538461538436,0.02944806912361131,0.010020049217644933,40
826,sensory,0.5862068965517241,0.5849056603773585,0.9393939393939394,0.7209302325581395,0.6564465376000751,0.5862068965517241,0.5849056603773585,0.9393939393939394,0.7209302325581395,0.6564465376000751,0.5431034482758621,0.5607476635514018,0.9090909090909091,0.6936416184971098,0.6736954253946534,0.04310344827586199,0.02415799682595665,0.030303030303030387,0.02728861406102967,0.017248887794578338,46
827,disclosure_x_noise,0.5037593984962406,0.5217391304347826,0.35294117647058826,0.42105263157894735,0.6960961410952038,0.5037593984962406,0.5217391304347826,0.35294117647058826,0.42105263157894735,0.6960961410952038,0.5338345864661654,0.59375,0.27941176470588236,0.38,0.6934658695044282,0.03007518796992481,0.0720108695652174,0.0735294117647059,0.04105263157894734,0.002630271590775557,52
828,fri_c4_100_100,0.75,0.6666666666666666,0.75,0.7058823529411765,0.5237699659446678,0.75,0.6666666666666666,0.75,0.7058823529411765,0.5237699659446678,0.7,0.6,0.75,0.6666666666666666,0.582669741141711,0.050000000000000044,0.06666666666666665,0.0,0.03921568627450989,0.05889977519704315,8
829,fri_c1_100_5,0.8,0.6666666666666666,0.8571428571428571,0.75,0.44306646398217825,0.8,0.6666666666666666,0.8571428571428571,0.75,0.44306646398217825,0.75,0.625,0.7142857142857143,0.6666666666666666,0.4188587471492924,0.050000000000000044,0.04166666666666663,0.1428571428571428,0.08333333333333337,0.02420771683288586,8
830,fri_c2_250_10,0.84,0.8181818181818182,0.6,0.6923076923076923,0.3523168305455931,0.84,0.8181818181818182,0.6,0.6923076923076923,0.3523168305455931,0.86,0.7857142857142857,0.7333333333333333,0.7586206896551724,0.33616476088314867,0.020000000000000018,0.032467532467532534,0.1333333333333333,0.06631299734748008,0.016152069662444424,20
831,autoMpg,0.9,0.925,0.8809523809523809,0.9024390243902439,0.3443796300078814,0.9,0.925,0.8809523809523809,0.9024390243902439,0.3443796300078814,0.8625,0.8444444444444444,0.9047619047619048,0.8735632183908046,0.34472514445279545,0.03749999999999998,0.0805555555555556,0.023809523809523836,0.028875805999439286,0.00034551444491404126,31
832,fri_c3_250_25,0.86,0.8888888888888888,0.7619047619047619,0.8205128205128205,0.4049005161714873,0.86,0.8888888888888888,0.7619047619047619,0.8205128205128205,0.4049005161714873,0.88,0.9411764705882353,0.7619047619047619,0.8421052631578947,0.38907722351153645,0.020000000000000018,0.05228758169934644,0.0,0.021592442645074206,0.01582329265995086,20
834,fri_c4_250_100,0.74,0.6521739130434783,0.75,0.6976744186046512,0.4974188802103888,0.74,0.6521739130434783,0.75,0.6976744186046512,0.4974188802103888,0.78,0.6956521739130435,0.8,0.7441860465116279,0.46541719544423205,0.040000000000000036,0.04347826086956519,0.050000000000000044,0.046511627906976716,0.03200168476615678,20
835,analcatdata_vehicle,0.8,0.8,0.8,0.8,0.4510545284704257,0.8,0.8,0.8,0.8,0.4510545284704257,0.8,0.8,0.8,0.8,0.437556857965096,0.0,0.0,0.0,0.0,0.013497670505329684,3
836,sleuth_case1102,0.5714285714285714,0.5714285714285714,1.0,0.7272727272727273,0.8790898365504959,0.5714285714285714,0.5714285714285714,1.0,0.7272727272727273,0.8790898365504959,0.42857142857142855,0.5,0.75,0.6,0.8777011985602162,0.14285714285714285,0.0714285714285714,0.25,0.12727272727272732,0.001388637990279662,2
838,fri_c4_500_25,0.86,0.8378378378378378,0.7948717948717948,0.8157894736842105,0.40863778206661755,0.86,0.8378378378378378,0.7948717948717948,0.8157894736842105,0.40863778206661755,0.88,0.8292682926829268,0.8717948717948718,0.85,0.41881586256291053,0.020000000000000018,0.00856954515491104,0.07692307692307698,0.03421052631578947,0.010178080496292985,40
839,kdd_el_nino-small,0.8598726114649682,0.9714285714285714,0.6181818181818182,0.7555555555555555,0.3950612614573199,0.8598726114649682,0.9714285714285714,0.6181818181818182,0.7555555555555555,0.3950612614573199,0.8598726114649682,0.9714285714285714,0.6181818181818182,0.7555555555555555,0.3943932934727536,0.0,0.0,0.0,0.0,0.0006679679845663089,62
840,autoHorse,0.975609756097561,0.9583333333333334,1.0,0.9787234042553191,0.2380912891371977,0.975609756097561,0.9583333333333334,1.0,0.9787234042553191,0.2380912891371977,0.975609756097561,0.9583333333333334,1.0,0.9787234042553191,0.24391641797739452,0.0,0.0,0.0,0.0,0.005825128840196814,16
841,stock,0.9105263157894737,0.8653846153846154,0.967741935483871,0.9137055837563451,0.3206798984726907,0.9105263157894737,0.8653846153846154,0.967741935483871,0.9137055837563451,0.3206798984726907,0.8894736842105263,0.839622641509434,0.956989247311828,0.8944723618090452,0.32679161371737,0.021052631578947434,0.02576197387518142,0.010752688172043001,0.019233221947299928,0.006111715244679294,76
842,analcatdata_runshoes,0.8333333333333334,0.75,1.0,0.8571428571428571,0.5673472851739053,0.8333333333333334,0.75,1.0,0.8571428571428571,0.5673472851739053,0.8333333333333334,0.75,1.0,0.8571428571428571,0.5778063258932357,0.0,0.0,0.0,0.0,0.010459040719330348,4
844,breastTumor,0.5172413793103449,0.3125,0.22727272727272727,0.2631578947368421,0.7272504768687074,0.5172413793103449,0.3125,0.22727272727272727,0.2631578947368421,0.7272504768687074,0.5172413793103449,0.3333333333333333,0.2727272727272727,0.3,0.7362126087774639,0.0,0.020833333333333315,0.04545454545454544,0.0368421052631579,0.008962131908756499,22
848,schlvote,0.75,0.75,1.0,0.8571428571428571,0.6667902229601026,0.75,0.75,1.0,0.8571428571428571,0.6667902229601026,0.75,0.75,1.0,0.8571428571428571,0.6393219690835195,0.0,0.0,0.0,0.0,0.027468253876583137,3
850,fri_c0_100_50,0.85,0.9,0.8181818181818182,0.8571428571428571,0.5571066198060797,0.85,0.9,0.8181818181818182,0.8571428571428571,0.5571066198060797,0.7,0.8571428571428571,0.5454545454545454,0.6666666666666666,0.5601586641790477,0.15000000000000002,0.04285714285714293,0.2727272727272728,0.19047619047619047,0.0030520443729680213,8
851,tecator,0.8541666666666666,0.8421052631578947,0.8,0.8205128205128205,0.4015089580005955,0.8541666666666666,0.8421052631578947,0.8,0.8205128205128205,0.4015089580005955,0.8541666666666666,0.9333333333333333,0.7,0.8,0.375616393115644,0.0,0.09122807017543866,0.10000000000000009,0.02051282051282044,0.025892564884951508,19
852,analcatdata_gsssexsurvey,0.75,0.7419354838709677,1.0,0.8518518518518519,0.577731536082899,0.75,0.7419354838709677,1.0,0.8518518518518519,0.577731536082899,0.75,0.7419354838709677,1.0,0.8518518518518519,0.6169860526403229,0.0,0.0,0.0,0.0,0.03925451655742396,12
853,boston,0.9117647058823529,0.9,0.9692307692307692,0.9333333333333333,0.34952045625266953,0.9117647058823529,0.9,0.9692307692307692,0.9333333333333333,0.34952045625266953,0.8823529411764706,0.863013698630137,0.9692307692307692,0.9130434782608695,0.36130154274977544,0.02941176470588236,0.03698630136986303,0.0,0.020289855072463836,0.011781086497105908,40
854,fishcatch,0.96875,1.0,0.9230769230769231,0.96,0.2630222591880737,0.96875,1.0,0.9230769230769231,0.96,0.2630222591880737,0.96875,1.0,0.9230769230769231,0.96,0.2722752996729738,0.0,0.0,0.0,0.0,0.00925304048490011,12
855,fri_c4_500_10,0.8,0.875,0.7,0.7777777777777778,0.4780941992134297,0.8,0.875,0.7,0.7777777777777778,0.4780941992134297,0.82,0.8809523809523809,0.74,0.8043478260869565,0.46188254800973405,0.019999999999999907,0.005952380952380931,0.040000000000000036,0.02657004830917875,0.016211651203695665,40
857,bolts,0.75,1.0,0.6666666666666666,0.8,0.4781498720342158,0.75,1.0,0.6666666666666666,0.8,0.4781498720342158,0.75,1.0,0.6666666666666666,0.8,0.4584551404771556,0.0,0.0,0.0,0.0,0.019694731557060197,3
858,hungarian,0.864406779661017,0.9166666666666666,0.868421052631579,0.8918918918918919,0.43679371735821554,0.864406779661017,0.9166666666666666,0.868421052631579,0.8918918918918919,0.43679371735821554,0.864406779661017,0.9166666666666666,0.868421052631579,0.8918918918918919,0.4410528912458708,0.0,0.0,0.0,0.0,0.004259173887655288,23
859,analcatdata_gviolence,0.9333333333333333,1.0,0.875,0.9333333333333333,0.3228714788212471,0.9333333333333333,1.0,0.875,0.9333333333333333,0.3228714788212471,0.9333333333333333,1.0,0.875,0.9333333333333333,0.3187923660645273,0.0,0.0,0.0,0.0,0.004079112756719794,5
860,vinnie,0.8157894736842105,0.782608695652174,0.9,0.8372093023255814,0.4406033982078008,0.8157894736842105,0.782608695652174,0.9,0.8372093023255814,0.4406033982078008,0.8157894736842105,0.782608695652174,0.9,0.8372093023255814,0.44025874882238286,0.0,0.0,0.0,0.0,0.00034464938541795,30
861,auto93,0.7368421052631579,0.7142857142857143,0.9090909090909091,0.8,0.5140179989679949,0.7368421052631579,0.7142857142857143,0.9090909090909091,0.8,0.5140179989679949,0.6842105263157895,0.6923076923076923,0.8181818181818182,0.75,0.5465959472264171,0.05263157894736836,0.02197802197802201,0.09090909090909083,0.050000000000000044,0.032577948258422196,7
862,sleuth_ex2016,0.6666666666666666,0.6363636363636364,0.7777777777777778,0.7,0.5594635408119939,0.6666666666666666,0.6363636363636364,0.7777777777777778,0.7,0.5594635408119939,0.7777777777777778,0.7272727272727273,0.8888888888888888,0.8,0.5610593394911223,0.11111111111111116,0.09090909090909094,0.11111111111111105,0.10000000000000009,0.0015957986791284018,6
863,fri_c4_250_10,0.68,0.6666666666666666,0.6086956521739131,0.6363636363636364,0.5414732309375264,0.68,0.6666666666666666,0.6086956521739131,0.6363636363636364,0.5414732309375264,0.68,0.6842105263157895,0.5652173913043478,0.6190476190476191,0.5763341161106184,0.0,0.01754385964912286,0.0434782608695653,0.017316017316017285,0.03486088517309194,20
864,sleuth_ex2015,0.8333333333333334,0.75,0.75,0.75,0.4944466661263014,0.8333333333333334,0.75,0.75,0.75,0.4944466661263014,0.8333333333333334,0.75,0.75,0.75,0.47070005091532163,0.0,0.0,0.0,0.0,0.02374661521097976,4
865,analcatdata_neavote,0.85,0.0,0.0,0.0,0.4909246992755244,0.85,0.0,0.0,0.0,0.4909246992755244,0.85,0.0,0.0,0.0,0.47958945529719765,0.0,0.0,0.0,0.0,0.011335243978326748,8
867,visualizing_livestock,0.8076923076923077,0.875,0.9130434782608695,0.8936170212765957,0.27284902310737785,0.8076923076923077,0.875,0.9130434782608695,0.8936170212765957,0.27284902310737785,0.8076923076923077,0.875,0.9130434782608695,0.8936170212765957,0.4011212469211603,0.0,0.0,0.0,0.0,0.12827222381378245,10
868,fri_c4_100_25,0.8,1.0,0.6666666666666666,0.8,0.48432387012743366,0.8,1.0,0.6666666666666666,0.8,0.48432387012743366,0.75,1.0,0.5833333333333334,0.7368421052631579,0.44376603451712676,0.050000000000000044,0.0,0.08333333333333326,0.06315789473684219,0.0405578356103069,8
869,fri_c2_500_10,0.92,0.9302325581395349,0.8888888888888888,0.9090909090909091,0.3351991447608375,0.92,0.9302325581395349,0.8888888888888888,0.9090909090909091,0.3351991447608375,0.92,0.9302325581395349,0.8888888888888888,0.9090909090909091,0.33615578781823724,0.0,0.0,0.0,0.0,0.0009566430573997309,40
870,fri_c1_500_5,0.91,0.95,0.8444444444444444,0.8941176470588236,0.37972678147853745,0.91,0.95,0.8444444444444444,0.8941176470588236,0.37972678147853745,0.93,0.9523809523809523,0.8888888888888888,0.9195402298850575,0.37603771765921773,0.020000000000000018,0.0023809523809523725,0.0444444444444444,0.025422582826233886,0.0036890638193197156,40
873,fri_c3_250_50,0.84,0.8,0.8695652173913043,0.8333333333333334,0.4442317858950458,0.84,0.8,0.8695652173913043,0.8333333333333334,0.4442317858950458,0.82,0.7916666666666666,0.8260869565217391,0.8085106382978723,0.44892155833814323,0.020000000000000018,0.008333333333333415,0.04347826086956519,0.024822695035461084,0.004689772443097429,20
874,rabe_131,1.0,1.0,1.0,1.0,0.19147350505662317,1.0,1.0,1.0,1.0,0.19147350505662317,1.0,1.0,1.0,1.0,0.18638037270824612,0.0,0.0,0.0,0.0,0.00509313234837705,4
875,analcatdata_chlamydia,0.95,0.9333333333333333,1.0,0.9655172413793104,0.3433959328577184,0.95,0.9333333333333333,1.0,0.9655172413793104,0.3433959328577184,0.7,0.75,0.8571428571428571,0.8,0.43760097079917715,0.25,0.18333333333333335,0.1428571428571429,0.16551724137931034,0.09420503794145874,8
876,fri_c1_100_50,0.6,0.8333333333333334,0.4166666666666667,0.5555555555555556,0.750610345417967,0.6,0.8333333333333334,0.4166666666666667,0.5555555555555556,0.750610345417967,0.5,0.75,0.25,0.375,0.8401187956186,0.09999999999999998,0.08333333333333337,0.16666666666666669,0.18055555555555558,0.08950845020063303,8
877,fri_c2_250_50,0.82,0.9583333333333334,0.7419354838709677,0.8363636363636363,0.450200962191557,0.82,0.9583333333333334,0.7419354838709677,0.8363636363636363,0.450200962191557,0.84,0.96,0.7741935483870968,0.8571428571428571,0.44188488608453125,0.020000000000000018,0.0016666666666665941,0.032258064516129004,0.020779220779220786,0.008316076107025727,20
878,fri_c4_100_10,0.75,0.7692307692307693,0.8333333333333334,0.8,0.6026968659302269,0.75,0.7692307692307693,0.8333333333333334,0.8,0.6026968659302269,0.75,0.7692307692307693,0.8333333333333334,0.8,0.5648100489319334,0.0,0.0,0.0,0.0,0.03788681699829344,8
879,fri_c2_500_25,0.83,0.8387096774193549,0.6842105263157895,0.7536231884057971,0.40832534745137894,0.83,0.8387096774193549,0.6842105263157895,0.7536231884057971,0.40832534745137894,0.84,0.84375,0.7105263157894737,0.7714285714285715,0.40379526962444545,0.010000000000000009,0.005040322580645129,0.02631578947368418,0.017805383022774346,0.004530077826933487,40
880,mu284,1.0,1.0,1.0,1.0,0.19775547520062478,1.0,1.0,1.0,1.0,0.19775547520062478,1.0,1.0,1.0,1.0,0.19811068033848547,0.0,0.0,0.0,0.0,0.0003552051378606924,22
882,pollution,0.9166666666666666,1.0,0.8333333333333334,0.9090909090909091,0.34350956628824963,0.9166666666666666,1.0,0.8333333333333334,0.9090909090909091,0.34350956628824963,0.9166666666666666,1.0,0.8333333333333334,0.9090909090909091,0.3465214753262135,0.0,0.0,0.0,0.0,0.003011909037963889,4
884,fri_c0_500_5,0.79,0.7058823529411765,0.8571428571428571,0.7741935483870968,0.48887135856136793,0.79,0.7058823529411765,0.8571428571428571,0.7741935483870968,0.48887135856136793,0.79,0.7333333333333333,0.7857142857142857,0.7586206896551724,0.4928043098469048,0.0,0.027450980392156765,0.0714285714285714,0.015572858731924377,0.00393295128553689,40
885,transplant,1.0,1.0,1.0,1.0,0.1800893060693635,1.0,1.0,1.0,1.0,0.1800893060693635,1.0,1.0,1.0,1.0,0.17969104646283598,0.0,0.0,0.0,0.0,0.0003982596065275068,10
886,no2,0.68,0.6612903225806451,0.7884615384615384,0.7192982456140351,0.6414646499162134,0.68,0.6612903225806451,0.7884615384615384,0.7192982456140351,0.6414646499162134,0.64,0.6176470588235294,0.8076923076923077,0.7,0.6436481781727794,0.040000000000000036,0.04364326375711569,0.019230769230769273,0.019298245614035148,0.002183528256565981,40
887,mbagrade,0.5384615384615384,0.6666666666666666,0.5,0.5714285714285714,0.6824638162601897,0.5384615384615384,0.6666666666666666,0.5,0.5714285714285714,0.6824638162601897,0.6153846153846154,0.7142857142857143,0.625,0.6666666666666666,0.6441912946504103,0.07692307692307698,0.04761904761904767,0.125,0.09523809523809523,0.03827252160977945,4
888,fri_c0_500_50,0.81,0.8653846153846154,0.7894736842105263,0.8256880733944955,0.48422201903384526,0.81,0.8653846153846154,0.7894736842105263,0.8256880733944955,0.48422201903384526,0.8,0.8490566037735849,0.7894736842105263,0.8181818181818182,0.4784552715067229,0.010000000000000009,0.01632801161103048,0.0,0.007506255212677226,0.005766747527122362,40
889,fri_c0_100_25,0.65,0.6666666666666666,0.7272727272727273,0.6956521739130435,0.5667313145818292,0.65,0.6666666666666666,0.7272727272727273,0.6956521739130435,0.5667313145818292,0.9,0.9090909090909091,0.9090909090909091,0.9090909090909091,0.5161199563121286,0.25,0.24242424242424243,0.18181818181818177,0.2134387351778656,0.050611358269700646,8
890,cloud,0.6363636363636364,0.3333333333333333,0.14285714285714285,0.2,0.5449065764187293,0.6363636363636364,0.3333333333333333,0.14285714285714285,0.2,0.5449065764187293,0.6363636363636364,0.3333333333333333,0.14285714285714285,0.2,0.5394845055669593,0.0,0.0,0.0,0.0,0.0054220708517700444,8
891,sleuth_case1202,0.7894736842105263,0.8181818181818182,0.8181818181818182,0.8181818181818182,0.4444364643514687,0.7894736842105263,0.8181818181818182,0.8181818181818182,0.8181818181818182,0.4444364643514687,0.8947368421052632,1.0,0.8181818181818182,0.9,0.41379688385756025,0.10526315789473684,0.18181818181818177,0.0,0.08181818181818179,0.03063958049390847,7
892,sleuth_case1201,0.9,1.0,0.8333333333333334,0.9090909090909091,0.3268636247533302,0.9,1.0,0.8333333333333334,0.9090909090909091,0.3268636247533302,0.6,0.6666666666666666,0.6666666666666666,0.6666666666666666,0.8108934293088172,0.30000000000000004,0.33333333333333337,0.16666666666666674,0.24242424242424243,0.48402980455548705,4
893,visualizing_hamster,0.7333333333333333,0.5714285714285714,0.8,0.6666666666666666,0.5585109169590246,0.7333333333333333,0.5714285714285714,0.8,0.6666666666666666,0.5585109169590246,0.7333333333333333,0.5714285714285714,0.8,0.6666666666666666,0.546645886505639,0.0,0.0,0.0,0.0,0.011865030453385605,5
894,rabe_148,0.9285714285714286,1.0,0.8571428571428571,0.9230769230769231,0.3052313619008323,0.9285714285714286,1.0,0.8571428571428571,0.9230769230769231,0.3052313619008323,0.9285714285714286,1.0,0.8571428571428571,0.9230769230769231,0.3040713198609049,0.0,0.0,0.0,0.0,0.001160042039927367,5
895,chscase_geyser1,0.9333333333333333,1.0,0.8,0.8888888888888888,0.35214209912441086,0.9333333333333333,1.0,0.8,0.8888888888888888,0.35214209912441086,0.9111111111111111,1.0,0.7333333333333333,0.8461538461538461,0.3832970482615443,0.022222222222222254,0.0,0.06666666666666676,0.042735042735042694,0.03115494913713346,17
896,fri_c3_500_25,0.9,0.8837209302325582,0.8837209302325582,0.8837209302325582,0.39720183476396476,0.9,0.8837209302325582,0.8837209302325582,0.8837209302325582,0.39720183476396476,0.88,0.8297872340425532,0.9069767441860465,0.8666666666666667,0.39460356903895766,0.020000000000000018,0.05393369619000499,0.023255813953488302,0.01705426356589146,0.0025982657250070984,40
898,hip,0.8181818181818182,0.8,0.8,0.8,0.49765960899063744,0.8181818181818182,0.8,0.8,0.8,0.49765960899063744,0.7272727272727273,0.625,1.0,0.7692307692307693,0.6370623912159228,0.09090909090909094,0.17500000000000004,0.19999999999999996,0.03076923076923077,0.13940278222528535,4
899,analcatdata_negotiation,0.7368421052631579,0.5,0.6,0.5454545454545454,0.4533330533448123,0.7368421052631579,0.5,0.6,0.5454545454545454,0.4533330533448123,0.7894736842105263,0.5714285714285714,0.8,0.6666666666666666,0.4601833066289225,0.052631578947368474,0.0714285714285714,0.20000000000000007,0.12121212121212122,0.006850253284110208,7
900,chscase_census6,0.5625,0.5833333333333334,0.8936170212765957,0.7058823529411765,0.6955738676687074,0.5625,0.5833333333333334,0.8936170212765957,0.7058823529411765,0.6955738676687074,0.6,0.6,0.9574468085106383,0.7377049180327869,0.6944277732023506,0.03749999999999998,0.016666666666666607,0.06382978723404265,0.03182256509161041,0.0011460944663568284,32
902,sleuth_case2002,0.8333333333333334,1.0,0.7058823529411765,0.8275862068965517,0.5283021300638185,0.8333333333333334,1.0,0.7058823529411765,0.8275862068965517,0.5283021300638185,0.8333333333333334,1.0,0.7058823529411765,0.8275862068965517,0.5316881976845896,0.0,0.0,0.0,0.0,0.003386067620771094,11
905,chscase_adopt,0.75,0.8,0.8,0.8,0.5016982492426377,0.75,0.8,0.8,0.8,0.5016982492426377,0.75,0.8,0.8,0.8,0.510840335249624,0.0,0.0,0.0,0.0,0.009142086006986294,3
906,chscase_census5,0.475,0.46774193548387094,0.7631578947368421,0.58,0.7325026093301594,0.475,0.46774193548387094,0.7631578947368421,0.58,0.7325026093301594,0.4375,0.4406779661016949,0.6842105263157895,0.5360824742268041,0.748094657269319,0.03749999999999998,0.027063969382176034,0.07894736842105265,0.043917525773195853,0.015592047939159581,32
907,chscase_census4,0.4375,0.46938775510204084,0.5476190476190477,0.5054945054945055,0.7179346957858275,0.4375,0.46938775510204084,0.5476190476190477,0.5054945054945055,0.7179346957858275,0.4625,0.48717948717948717,0.4523809523809524,0.4691358024691358,0.7144026091591631,0.025000000000000022,0.01779173207744633,0.09523809523809529,0.0363587030253697,0.003532086626664377,32
908,chscase_census3,0.425,0.41379310344827586,0.6666666666666666,0.5106382978723404,0.7380160325713909,0.425,0.41379310344827586,0.6666666666666666,0.5106382978723404,0.7380160325713909,0.3625,0.3728813559322034,0.6111111111111112,0.4631578947368421,0.7511704479119968,0.0625,0.04091174751607246,0.05555555555555547,0.047480403135498284,0.013154415340605907,32
909,chscase_census2,0.5375,0.5,0.5135135135135135,0.5066666666666667,0.6993690552556088,0.5375,0.5,0.5135135135135135,0.5066666666666667,0.6993690552556088,0.4875,0.4583333333333333,0.5945945945945946,0.5176470588235295,0.6968815726518818,0.04999999999999999,0.041666666666666685,0.08108108108108114,0.01098039215686275,0.002487482603726998,32
911,fri_c2_250_5,0.82,0.9473684210526315,0.6923076923076923,0.8,0.4372274837015398,0.82,0.9473684210526315,0.6923076923076923,0.8,0.4372274837015398,0.82,0.9473684210526315,0.6923076923076923,0.8,0.4342995113912354,0.0,0.0,0.0,0.0,0.002927972310304394,20
915,plasma_retinol,0.5714285714285714,0.6041666666666666,0.7837837837837838,0.6823529411764706,0.6868760545558861,0.5714285714285714,0.6041666666666666,0.7837837837837838,0.6823529411764706,0.6868760545558861,0.5079365079365079,0.5652173913043478,0.7027027027027027,0.6265060240963856,0.7241751539437418,0.06349206349206349,0.03894927536231885,0.08108108108108103,0.055846917080085046,0.037299099387855694,25
916,fri_c3_100_5,0.65,0.6,0.6666666666666666,0.631578947368421,0.5553492870603344,0.65,0.6,0.6666666666666666,0.631578947368421,0.5553492870603344,0.6,0.5714285714285714,0.4444444444444444,0.5,0.7519403072668693,0.050000000000000044,0.02857142857142858,0.2222222222222222,0.13157894736842102,0.19659102020653496,8
918,fri_c4_250_50,0.82,0.7894736842105263,0.75,0.7692307692307693,0.4723830293920123,0.82,0.7894736842105263,0.75,0.7692307692307693,0.4723830293920123,0.78,0.7142857142857143,0.75,0.7317073170731707,0.5320090107719448,0.039999999999999925,0.07518796992481203,0.0,0.03752345215759856,0.059625981379932524,20
919,rabe_166,0.5,1.0,0.2,0.3333333333333333,0.7399753045625532,0.5,1.0,0.2,0.3333333333333333,0.7399753045625532,0.5,1.0,0.2,0.3333333333333333,0.7311778338688829,0.0,0.0,0.0,0.0,0.008797470693670317,3
920,fri_c2_500_50,0.88,0.9444444444444444,0.7727272727272727,0.85,0.393183896225299,0.88,0.9444444444444444,0.7727272727272727,0.85,0.393183896225299,0.88,0.9210526315789473,0.7954545454545454,0.8536585365853658,0.389012234987487,0.0,0.023391812865497075,0.022727272727272707,0.003658536585365857,0.0041716612378119855,40
921,analcatdata_seropositive,0.9259259259259259,0.9375,0.9375,0.9375,0.2728472731892322,0.9259259259259259,0.9375,0.9375,0.9375,0.2728472731892322,0.9259259259259259,0.9375,0.9375,0.9375,0.28802250052203354,0.0,0.0,0.0,0.0,0.015175227332801355,10
922,fri_c2_100_50,0.85,0.875,0.7777777777777778,0.8235294117647058,0.47476658025742224,0.85,0.875,0.7777777777777778,0.8235294117647058,0.47476658025742224,0.7,0.7142857142857143,0.5555555555555556,0.625,0.6235740999376043,0.15000000000000002,0.1607142857142857,0.2222222222222222,0.19852941176470584,0.14880751968018202,8
924,humandevel,0.7692307692307693,0.8333333333333334,0.7142857142857143,0.7692307692307693,0.41272869431725134,0.7692307692307693,0.8333333333333334,0.7142857142857143,0.7692307692307693,0.41272869431725134,0.8076923076923077,0.8461538461538461,0.7857142857142857,0.8148148148148148,0.41199930136452717,0.038461538461538436,0.012820512820512775,0.0714285714285714,0.045584045584045496,0.0007293929527241727,10
925,visualizing_galaxy,0.9230769230769231,0.8918918918918919,0.9705882352941176,0.9295774647887324,0.2699555623596792,0.9230769230769231,0.8918918918918919,0.9705882352941176,0.9295774647887324,0.2699555623596792,0.9692307692307692,0.9705882352941176,0.9705882352941176,0.9705882352941176,0.27018917068360665,0.0461538461538461,0.07869634340222575,0.0,0.04101077050538526,0.0002336083239274367,25
926,fri_c0_500_25,0.74,0.7446808510638298,0.7142857142857143,0.7291666666666666,0.5147681464435923,0.74,0.7446808510638298,0.7142857142857143,0.7291666666666666,0.5147681464435923,0.75,0.7727272727272727,0.6938775510204082,0.7311827956989247,0.5291406132597494,0.010000000000000009,0.028046421663442955,0.020408163265306145,0.0020161290322581182,0.014372466816157115,40
927,hutsof99_child_witness,0.7777777777777778,0.7142857142857143,1.0,0.8333333333333334,0.550837477704955,0.7777777777777778,0.7142857142857143,1.0,0.8333333333333334,0.550837477704955,0.6666666666666666,0.625,1.0,0.7692307692307693,0.658114831258894,0.11111111111111116,0.0892857142857143,0.0,0.0641025641025641,0.10727735355393908,3
928,rabe_97,0.9,0.8333333333333334,1.0,0.9090909090909091,0.3609712220252824,0.9,0.8333333333333334,1.0,0.9090909090909091,0.3609712220252824,0.9,0.8333333333333334,1.0,0.9090909090909091,0.3649367228448836,0.0,0.0,0.0,0.0,0.003965500819601175,3
929,rabe_176,0.2857142857142857,0.0,0.0,0.0,0.927077825849133,0.2857142857142857,0.0,0.0,0.0,0.927077825849133,0.42857142857142855,0.0,0.0,0.0,0.868861468695884,0.14285714285714285,0.0,0.0,0.0,0.05821635715324902,5
931,disclosure_z,0.6165413533834586,0.6533333333333333,0.6621621621621622,0.6577181208053692,0.6684699021929816,0.6165413533834586,0.6533333333333333,0.6621621621621622,0.6577181208053692,0.6684699021929816,0.631578947368421,0.676056338028169,0.6486486486486487,0.6620689655172414,0.6634698332028615,0.015037593984962405,0.02272300469483568,0.013513513513513487,0.004350844711872193,0.005000068990120177,52
932,fri_c4_100_50,0.8,0.875,0.7,0.7777777777777778,0.45749097271630956,0.8,0.875,0.7,0.7777777777777778,0.45749097271630956,0.8,0.875,0.7,0.7777777777777778,0.4696177399688219,0.0,0.0,0.0,0.0,0.012126767252512327,8
933,fri_c4_250_25,0.84,0.9444444444444444,0.7083333333333334,0.8095238095238095,0.45643714647116573,0.84,0.9444444444444444,0.7083333333333334,0.8095238095238095,0.45643714647116573,0.82,0.9411764705882353,0.6666666666666666,0.7804878048780488,0.4624563078491882,0.020000000000000018,0.0032679738562091387,0.04166666666666674,0.029036004645760727,0.006019161378022442,20
935,fri_c1_250_10,0.8,0.7777777777777778,0.7,0.7368421052631579,0.5081401525940333,0.8,0.7777777777777778,0.7,0.7368421052631579,0.5081401525940333,0.82,0.7894736842105263,0.75,0.7692307692307693,0.4733382516581874,0.019999999999999907,0.011695906432748537,0.050000000000000044,0.03238866396761142,0.03480190093584595,20
936,fri_c3_500_10,0.88,0.851063829787234,0.8888888888888888,0.8695652173913043,0.4230393959427633,0.88,0.851063829787234,0.8888888888888888,0.8695652173913043,0.4230393959427633,0.89,0.8863636363636364,0.8666666666666667,0.8764044943820225,0.4146412930184726,0.010000000000000009,0.035299806576402304,0.022222222222222143,0.006839276990718179,0.008398102924290718,40
937,fri_c3_500_50,0.77,0.6578947368421053,0.7142857142857143,0.684931506849315,0.510558315888144,0.77,0.6578947368421053,0.7142857142857143,0.684931506849315,0.510558315888144,0.81,0.7666666666666667,0.6571428571428571,0.7076923076923077,0.5074076329057093,0.040000000000000036,0.10877192982456141,0.05714285714285716,0.0227608008429927,0.003150682982434705,40
938,sleuth_ex1221,0.8888888888888888,0.8571428571428571,1.0,0.9230769230769231,0.32219254234969186,0.8888888888888888,0.8571428571428571,1.0,0.9230769230769231,0.32219254234969186,0.8888888888888888,0.8571428571428571,1.0,0.9230769230769231,0.4639141599588542,0.0,0.0,0.0,0.0,0.14172161760916235,3
939,chscase_whale,0.9347826086956522,0.9545454545454546,0.9130434782608695,0.9333333333333333,0.5036972499781082,0.9347826086956522,0.9545454545454546,0.9130434782608695,0.9333333333333333,0.5036972499781082,0.8478260869565217,0.7666666666666667,1.0,0.8679245283018868,0.5646462519503599,0.08695652173913049,0.18787878787878787,0.08695652173913049,0.06540880503144653,0.060949001972251726,18
940,water-treatment,0.9056603773584906,0.7083333333333334,0.85,0.7727272727272727,0.19202963871821074,0.9056603773584906,0.7083333333333334,0.85,0.7727272727272727,0.19202963871821074,0.9716981132075472,1.0,0.85,0.918918918918919,0.1852931453457426,0.06603773584905659,0.29166666666666663,0.0,0.14619164619164626,0.00673649337246815,42
941,lowbwt,0.8157894736842105,0.9375,0.7142857142857143,0.8108108108108109,0.4626326779097942,0.8157894736842105,0.9375,0.7142857142857143,0.8108108108108109,0.4626326779097942,0.8157894736842105,0.9375,0.7142857142857143,0.8108108108108109,0.47152039933737866,0.0,0.0,0.0,0.0,0.008887721427584483,15
942,chscase_health,0.3,0.2857142857142857,0.5,0.36363636363636365,0.8860136300853473,0.3,0.2857142857142857,0.5,0.36363636363636365,0.8860136300853473,0.5,0.4,0.5,0.4444444444444444,0.921146301492991,0.2,0.11428571428571432,0.0,0.08080808080808077,0.035132671407643756,4
943,fri_c0_500_10,0.8,0.868421052631579,0.6875,0.7674418604651163,0.4866231829588255,0.8,0.868421052631579,0.6875,0.7674418604651163,0.4866231829588255,0.79,0.8648648648648649,0.6666666666666666,0.7529411764705882,0.49688064768742357,0.010000000000000009,0.0035561877667140696,0.02083333333333337,0.014500683994528085,0.010257464728598065,40
944,echoMonths,0.6538461538461539,0.5454545454545454,0.6,0.5714285714285714,0.5409127457619184,0.6538461538461539,0.5454545454545454,0.6,0.5714285714285714,0.5409127457619184,0.6923076923076923,0.5833333333333334,0.7,0.6363636363636364,0.5113820492330543,0.038461538461538436,0.037878787878787956,0.09999999999999998,0.06493506493506496,0.029530696528864087,10
945,kidney,0.6875,0.8571428571428571,0.6,0.7058823529411765,0.5378047689315006,0.6875,0.8571428571428571,0.6,0.7058823529411765,0.5378047689315006,0.6875,0.8571428571428571,0.6,0.7058823529411765,0.5497455874859896,0.0,0.0,0.0,0.0,0.011940818554488919,6
946,visualizing_ethanol,0.5,0.4,0.5714285714285714,0.47058823529411764,0.9250292728435218,0.5,0.4,0.5714285714285714,0.47058823529411764,0.9250292728435218,0.5,0.4,0.5714285714285714,0.47058823529411764,0.9231832714796917,0.0,0.0,0.0,0.0,0.0018460013638300632,7
947,arsenic-male-bladder,0.9821428571428571,0.9811320754716981,1.0,0.9904761904761905,0.10305071373371621,0.9821428571428571,0.9811320754716981,1.0,0.9904761904761905,0.10305071373371621,0.9821428571428571,0.9811320754716981,1.0,0.9904761904761905,0.10320652986360457,0.0,0.0,0.0,0.0,0.00015581612988835314,44
949,arsenic-female-bladder,0.8839285714285714,0.9047619047619048,0.9693877551020408,0.9359605911330049,0.28138956991514513,0.8839285714285714,0.9047619047619048,0.9693877551020408,0.9359605911330049,0.28138956991514513,0.8928571428571429,0.9056603773584906,0.9795918367346939,0.9411764705882353,0.2772840558556965,0.008928571428571508,0.0008984725965858198,0.010204081632653073,0.005215879455230388,0.004105514059448645,44
950,arsenic-female-lung,0.9821428571428571,0.9811320754716981,1.0,0.9904761904761905,0.08825605038460736,0.9821428571428571,0.9811320754716981,1.0,0.9904761904761905,0.08825605038460736,0.9821428571428571,0.9811320754716981,1.0,0.9904761904761905,0.08862605282025005,0.0,0.0,0.0,0.0,0.00037000243564268287,44
951,arsenic-male-lung,1.0,1.0,1.0,1.0,0.007551333643566462,1.0,1.0,1.0,1.0,0.007551333643566462,1.0,1.0,1.0,1.0,0.009405467281378253,0.0,0.0,0.0,0.0,0.0018541336378117912,44
954,spectrometer,0.9532710280373832,0.8,0.5,0.6153846153846154,0.15748580020611103,0.9532710280373832,0.8,0.5,0.6153846153846154,0.15748580020611103,0.9626168224299065,1.0,0.5,0.6666666666666666,0.14898262435140053,0.009345794392523366,0.19999999999999996,0.0,0.05128205128205121,0.008503175854710499,42
955,tae,0.6451612903225806,0.25,0.1111111111111111,0.15384615384615385,0.6443054416309739,0.6451612903225806,0.25,0.1111111111111111,0.15384615384615385,0.6443054416309739,0.6774193548387096,0.3333333333333333,0.1111111111111111,0.16666666666666666,0.640080858898773,0.032258064516129004,0.08333333333333331,0.0,0.012820512820512803,0.004224582732200943,12
956,molecular-biology_promoters,0.6818181818181818,0.5,0.14285714285714285,0.2222222222222222,0.5954002025356284,0.6818181818181818,0.5,0.14285714285714285,0.2222222222222222,0.5954002025356284,0.6818181818181818,0.5,0.14285714285714285,0.2222222222222222,0.6371476820135407,0.0,0.0,0.0,0.0,0.04174747947791224,8
957,braziltourism,0.7469879518072289,0.7692307692307693,0.9523809523809523,0.851063829787234,0.5529457669428054,0.7469879518072289,0.7692307692307693,0.9523809523809523,0.851063829787234,0.5529457669428054,0.7469879518072289,0.7692307692307693,0.9523809523809523,0.851063829787234,0.5425549494389902,0.0,0.0,0.0,0.0,0.010390817503815208,32
960,postoperative-patient-data,0.7777777777777778,0.8235294117647058,0.9333333333333333,0.875,0.590138541423135,0.7777777777777778,0.8235294117647058,0.9333333333333333,0.875,0.590138541423135,0.7777777777777778,0.8235294117647058,0.9333333333333333,0.875,0.5576393925885269,0.0,0.0,0.0,0.0,0.03249914883460814,7
961,analcatdata_broadwaymult,0.6842105263157895,0.7058823529411765,0.48,0.5714285714285714,0.623122941796469,0.6842105263157895,0.7058823529411765,0.48,0.5714285714285714,0.623122941796469,0.7368421052631579,0.7777777777777778,0.56,0.6511627906976745,0.5815460871693718,0.05263157894736836,0.07189542483660127,0.08000000000000007,0.07973421926910307,0.04157685462709715,22
963,heart-h,0.864406779661017,0.9166666666666666,0.868421052631579,0.8918918918918919,0.43679371735821554,0.864406779661017,0.9166666666666666,0.868421052631579,0.8918918918918919,0.43679371735821554,0.864406779661017,0.9166666666666666,0.868421052631579,0.8918918918918919,0.4491828515019571,0.0,0.0,0.0,0.0,0.012389134143741543,23
964,pasture,0.75,0.5,0.5,0.5,0.4180940805416145,0.75,0.5,0.5,0.5,0.4180940805416145,0.75,0.5,0.5,0.5,0.4243452710597086,0.0,0.0,0.0,0.0,0.006251190518094085,2
965,zoo,1.0,1.0,1.0,1.0,0.20569144075901435,1.0,1.0,1.0,1.0,0.20569144075901435,1.0,1.0,1.0,1.0,0.20749504012657438,0.0,0.0,0.0,0.0,0.001803599367560027,8
967,cars,0.8780487804878049,0.92,0.8846153846153846,0.9019607843137255,0.3808270079539057,0.8780487804878049,0.92,0.8846153846153846,0.9019607843137255,0.3808270079539057,0.8902439024390244,0.8909090909090909,0.9423076923076923,0.9158878504672897,0.37889729981552467,0.012195121951219523,0.029090909090909167,0.05769230769230771,0.013927066153564205,0.0019297081383810588,32
968,analcatdata_birthday,0.8904109589041096,1.0,0.2727272727272727,0.42857142857142855,0.23189809630732647,0.8904109589041096,1.0,0.2727272727272727,0.42857142857142855,0.23189809630732647,0.8767123287671232,1.0,0.18181818181818182,0.3076923076923077,0.23923766550637288,0.013698630136986356,0.0,0.09090909090909088,0.12087912087912084,0.0073395691990464085,29
969,iris,1.0,1.0,1.0,1.0,0.17579295717225912,1.0,1.0,1.0,1.0,0.17579295717225912,1.0,1.0,1.0,1.0,0.17707855129022043,0.0,0.0,0.0,0.0,0.0012855941179613084,12
970,analcatdata_authorship,0.9585798816568047,0.967741935483871,0.9230769230769231,0.9448818897637795,0.26118105459036056,0.9585798816568047,0.967741935483871,0.9230769230769231,0.9448818897637795,0.26118105459036056,0.9349112426035503,0.9354838709677419,0.8923076923076924,0.9133858267716536,0.27451824392436835,0.023668639053254448,0.032258064516129115,0.03076923076923077,0.03149606299212593,0.013337189334007793,67
972,squash-stored,0.8181818181818182,0.75,0.75,0.75,0.39489419506711365,0.8181818181818182,0.75,0.75,0.75,0.39489419506711365,0.8181818181818182,0.75,0.75,0.75,0.4276068188510825,0.0,0.0,0.0,0.0,0.03271262378396883,4
973,wine,0.9444444444444444,0.9285714285714286,0.9285714285714286,0.9285714285714286,0.29852832509624283,0.9444444444444444,0.9285714285714286,0.9285714285714286,0.9285714285714286,0.29852832509624283,0.9444444444444444,0.9285714285714286,0.9285714285714286,0.9285714285714286,0.2961326814957709,0.0,0.0,0.0,0.0,0.002395643600471953,14
974,hayes-roth,0.7777777777777778,1.0,0.5,0.6666666666666666,0.523155676404236,0.7777777777777778,1.0,0.5,0.6666666666666666,0.523155676404236,0.7777777777777778,1.0,0.5,0.6666666666666666,0.5361075654228417,0.0,0.0,0.0,0.0,0.012951889018605667,10
975,autos,0.7073170731707317,0.875,0.3888888888888889,0.5384615384615384,0.5731240084528245,0.7073170731707317,0.875,0.3888888888888889,0.5384615384615384,0.5731240084528245,0.7073170731707317,0.875,0.3888888888888889,0.5384615384615384,0.5864735124873821,0.0,0.0,0.0,0.0,0.013349504034557591,16
982,heart-c,0.8360655737704918,0.8064516129032258,0.8620689655172413,0.8333333333333334,0.4717927869503637,0.8360655737704918,0.8064516129032258,0.8620689655172413,0.8333333333333334,0.4717927869503637,0.819672131147541,0.8214285714285714,0.7931034482758621,0.8070175438596491,0.4669090954841857,0.016393442622950838,0.01497695852534564,0.06896551724137923,0.026315789473684292,0.004883691466178008,24
984,analcatdata_draft,0.972972972972973,0.0,0.0,0.0,0.1523394428269414,0.972972972972973,0.0,0.0,0.0,0.1523394428269414,0.972972972972973,0.0,0.0,0.0,0.15496067180982798,0.0,0.0,0.0,0.0,0.002621228982886581,29
985,squash-unstored,0.7272727272727273,1.0,0.4,0.5714285714285714,0.663455098117584,0.7272727272727273,1.0,0.4,0.5714285714285714,0.663455098117584,0.7272727272727273,1.0,0.4,0.5714285714285714,0.6124618966071531,0.0,0.0,0.0,0.0,0.05099320151043085,4
986,analcatdata_marketing,0.6301369863013698,0.0,0.0,0.0,0.6541373204951899,0.6301369863013698,0.0,0.0,0.0,0.6541373204951899,0.6438356164383562,0.0,0.0,0.0,0.6649929222665969,0.013698630136986356,0.0,0.0,0.0,0.010855601771406986,29
987,collins,1.0,1.0,1.0,1.0,0.10676922906843206,1.0,1.0,1.0,1.0,0.10676922906843206,1.0,1.0,1.0,1.0,0.10631381043837904,0.0,0.0,0.0,0.0,0.00045541863005302274,40
988,fl2000,0.7857142857142857,0.75,1.0,0.8571428571428571,0.46988862465305387,0.7857142857142857,0.75,1.0,0.8571428571428571,0.46988862465305387,0.7857142857142857,0.75,1.0,0.8571428571428571,0.4355194624450422,0.0,0.0,0.0,0.0,0.03436916220801167,5
989,anneal,0.9722222222222222,0.9848484848484849,0.9774436090225563,0.9811320754716981,0.20568371334874233,0.9722222222222222,0.9848484848484849,0.9774436090225563,0.9811320754716981,0.20568371334874233,0.9722222222222222,0.9848484848484849,0.9774436090225563,0.9811320754716981,0.2044779632495295,0.0,0.0,0.0,0.0,0.0012057500992128378,71
990,eucalyptus,0.722972972972973,0.6923076923076923,0.1956521739130435,0.3050847457627119,0.516536034807339,0.722972972972973,0.6923076923076923,0.1956521739130435,0.3050847457627119,0.516536034807339,0.6959459459459459,0.5714285714285714,0.08695652173913043,0.1509433962264151,0.5114751393665266,0.027027027027027084,0.1208791208791209,0.10869565217391305,0.1541413495362968,0.005060895440812452,58
992,analcatdata_broadway,1.0,1.0,1.0,1.0,0.14480407959857478,1.0,1.0,1.0,1.0,0.14480407959857478,1.0,1.0,1.0,1.0,0.13771171327267218,0.0,0.0,0.0,0.0,0.007092366325902599,7
994,vehicle,0.9470588235294117,0.9387755102040817,0.8846153846153846,0.9108910891089109,0.267789774953761,0.9470588235294117,0.9387755102040817,0.8846153846153846,0.9108910891089109,0.267789774953761,0.9529411764705882,0.94,0.9038461538461539,0.9215686274509803,0.25920946101045833,0.00588235294117645,0.001224489795918271,0.019230769230769273,0.010677538342069415,0.008580313943302664,67
996,prnn_fglass,0.813953488372093,0.875,0.5,0.6363636363636364,0.4621892767730414,0.813953488372093,0.875,0.5,0.6363636363636364,0.4621892767730414,0.8372093023255814,0.8888888888888888,0.5714285714285714,0.6956521739130435,0.4501011294366381,0.023255813953488413,0.01388888888888884,0.0714285714285714,0.059288537549407105,0.012088147336403288,17
997,balance-scale,0.896,0.9038461538461539,0.8545454545454545,0.8785046728971962,0.4587206244906356,0.896,0.9038461538461539,0.8545454545454545,0.8785046728971962,0.4587206244906356,0.912,0.9074074074074074,0.8909090909090909,0.8990825688073395,0.461579258172653,0.016000000000000014,0.0035612535612535856,0.036363636363636376,0.02057789591014325,0.0028586336820173863,50
998,analcatdata_bondrate,0.5,0.5714285714285714,0.5714285714285714,0.5714285714285714,0.7026407546850696,0.5,0.5714285714285714,0.5714285714285714,0.5714285714285714,0.7026407546850696,0.75,0.7,1.0,0.8235294117647058,0.619114937514156,0.25,0.12857142857142856,0.4285714285714286,0.25210084033613445,0.08352581717091356,4
999,audiology,0.9565217391304348,0.8333333333333334,1.0,0.9090909090909091,0.210139948946162,0.9565217391304348,0.8333333333333334,1.0,0.9090909090909091,0.210139948946162,0.9565217391304348,0.8333333333333334,1.0,0.9090909090909091,0.1991834379783064,0.0,0.0,0.0,0.0,0.010956510967855604,18
1001,sponge,1.0,1.0,1.0,1.0,0.11686030153447553,1.0,1.0,1.0,1.0,0.11686030153447553,0.9375,0.9375,1.0,0.967741935483871,0.26839311715921277,0.0625,0.0625,0.0,0.032258064516129004,0.15153281562473725,6
1003,primary-tumor,0.8529411764705882,1.0,0.3333333333333333,0.5,0.37004365745919876,0.8529411764705882,1.0,0.3333333333333333,0.5,0.37004365745919876,0.8529411764705882,1.0,0.3333333333333333,0.5,0.36867233312511505,0.0,0.0,0.0,0.0,0.0013713243340837122,27
1004,synthetic_control,0.9916666666666667,1.0,0.95,0.9743589743589743,0.12731534862811061,0.9916666666666667,1.0,0.95,0.9743589743589743,0.12731534862811061,0.9916666666666667,0.9523809523809523,1.0,0.975609756097561,0.1201582557046286,0.0,0.04761904761904767,0.050000000000000044,0.001250781738586615,0.007157092923482017,48
1005,glass,0.7441860465116279,1.0,0.47619047619047616,0.6451612903225806,0.568799358539653,0.7441860465116279,1.0,0.47619047619047616,0.6451612903225806,0.568799358539653,0.7209302325581395,0.9090909090909091,0.47619047619047616,0.625,0.5759796159964005,0.023255813953488413,0.09090909090909094,0.0,0.020161290322580627,0.007180257456747441,17
1006,lymph,0.8333333333333334,0.75,1.0,0.8571428571428571,0.4691701081729736,0.8333333333333334,0.75,1.0,0.8571428571428571,0.4691701081729736,0.8333333333333334,0.7777777777777778,0.9333333333333333,0.8484848484848485,0.4752979138787824,0.0,0.02777777777777779,0.06666666666666665,0.008658008658008587,0.0061278057058087865,11
1007,bridges,0.8181818181818182,0.625,0.8333333333333334,0.7142857142857143,0.4229005759631572,0.8181818181818182,0.625,0.8333333333333334,0.7142857142857143,0.4229005759631572,0.8636363636363636,0.7142857142857143,0.8333333333333334,0.7692307692307693,0.39632913334532505,0.045454545454545414,0.0892857142857143,0.0,0.05494505494505497,0.026571442617832175,8
1008,analcatdata_reviewer,0.631578947368421,0.5454545454545454,0.4,0.46153846153846156,0.6778674097988329,0.631578947368421,0.5454545454545454,0.4,0.46153846153846156,0.6778674097988329,0.6447368421052632,0.5789473684210527,0.36666666666666664,0.4489795918367347,0.6556698405447835,0.013157894736842146,0.03349282296650724,0.03333333333333338,0.012558869701726871,0.022197569254049365,30
1009,white-clover,0.8461538461538461,0.8333333333333334,0.8333333333333334,0.8333333333333334,0.5795834016715888,0.8461538461538461,0.8333333333333334,0.8333333333333334,0.8333333333333334,0.5795834016715888,0.7692307692307693,0.7142857142857143,0.8333333333333334,0.7692307692307693,0.4648221663204052,0.07692307692307687,0.11904761904761907,0.0,0.0641025641025641,0.11476123535118365,5
1010,dermatology,1.0,1.0,1.0,1.0,0.1911338203003704,1.0,1.0,1.0,1.0,0.1911338203003704,0.9864864864864865,0.96875,1.0,0.9841269841269841,0.19984345915040716,0.013513513513513487,0.03125,0.0,0.015873015873015928,0.008709638850036755,29
1011,ecoli,0.9117647058823529,0.90625,0.90625,0.90625,0.32718764338947665,0.9117647058823529,0.90625,0.90625,0.90625,0.32718764338947665,0.9117647058823529,0.90625,0.90625,0.90625,0.32320969426961293,0.0,0.0,0.0,0.0,0.003977949119863711,26
1012,flags,0.717948717948718,0.6666666666666666,0.42857142857142855,0.5217391304347826,0.5782007629507434,0.717948717948718,0.6666666666666666,0.42857142857142855,0.5217391304347826,0.5782007629507434,0.717948717948718,0.7142857142857143,0.35714285714285715,0.47619047619047616,0.6035632917047059,0.0,0.04761904761904767,0.0714285714285714,0.04554865424430643,0.0253625287539625,15
1014,analcatdata_dmft,0.75625,0.0,0.0,0.0,0.5579722499291241,0.75625,0.0,0.0,0.0,0.5579722499291241,0.75625,0.0,0.0,0.0,0.5675144255052118,0.0,0.0,0.0,0.0,0.00954217557608772,63
1015,confidence,0.8666666666666667,1.0,0.5,0.6666666666666666,0.3321555287341252,0.8666666666666667,1.0,0.5,0.6666666666666666,0.3321555287341252,0.8666666666666667,1.0,0.5,0.6666666666666666,0.36527049209561924,0.0,0.0,0.0,0.0,0.033114963361494054,5
1016,vowel,0.9747474747474747,1.0,0.782608695652174,0.8780487804878049,0.10333935394471845,0.9747474747474747,1.0,0.782608695652174,0.8780487804878049,0.10333935394471845,0.9848484848484849,1.0,0.8695652173913043,0.9302325581395349,0.10791170927187184,0.010101010101010166,0.0,0.08695652173913038,0.05218377765172999,0.004572355327153388,79
1017,arrhythmia,0.7802197802197802,0.7307692307692307,0.8636363636363636,0.7916666666666666,0.5326375370163339,0.7802197802197802,0.7307692307692307,0.8636363636363636,0.7916666666666666,0.5326375370163339,0.8131868131868132,0.7368421052631579,0.9545454545454546,0.8316831683168316,0.5343136414757326,0.03296703296703296,0.006072874493927127,0.09090909090909094,0.040016501650165015,0.0016761044593986973,36
1023,soybean,0.9416058394160584,0.7142857142857143,0.7142857142857143,0.7142857142857143,0.15658032231762992,0.9416058394160584,0.7142857142857143,0.7142857142857143,0.7142857142857143,0.15658032231762992,0.9416058394160584,0.7142857142857143,0.7142857142857143,0.7142857142857143,0.15980513417593953,0.0,0.0,0.0,0.0,0.003224811858309612,54
1025,analcatdata_germangss,0.9,0.8873239436619719,1.0,0.9402985074626866,0.3318371221797154,0.9,0.8873239436619719,1.0,0.9402985074626866,0.3318371221797154,0.8375,0.8289473684210527,1.0,0.9064748201438849,0.3896888844939448,0.0625,0.058376575240919215,0.0,0.0338236873188017,0.057851762314229394,32
1026,grub-damage,0.8064516129032258,0.8,0.4444444444444444,0.5714285714285714,0.5173007427143729,0.8064516129032258,0.8,0.4444444444444444,0.5714285714285714,0.5173007427143729,0.7419354838709677,0.6666666666666666,0.2222222222222222,0.3333333333333333,0.5152902379155425,0.06451612903225801,0.13333333333333341,0.2222222222222222,0.23809523809523808,0.0020105047988303593,12
1045,kc1-top5,0.9310344827586207,0.9310344827586207,1.0,0.9642857142857143,0.21078621114405224,0.9310344827586207,0.9310344827586207,1.0,0.9642857142857143,0.21078621114405224,0.9310344827586207,0.9310344827586207,1.0,0.9642857142857143,0.2710027396959332,0.0,0.0,0.0,0.0,0.06021652855188095,11
1048,jEdit_4.2_4.3,0.5540540540540541,0.625,0.5813953488372093,0.6024096385542169,0.7011140086394058,0.5540540540540541,0.625,0.5813953488372093,0.6024096385542169,0.7011140086394058,0.6081081081081081,0.6666666666666666,0.6511627906976745,0.6588235294117647,0.6970341392350278,0.05405405405405406,0.04166666666666663,0.06976744186046513,0.05641389085754778,0.004079869404377989,29
1054,mc2,0.7575757575757576,0.5,0.375,0.42857142857142855,0.5252137009674481,0.7575757575757576,0.5,0.375,0.42857142857142855,0.5252137009674481,0.8181818181818182,0.75,0.375,0.5,0.5148577391141257,0.06060606060606066,0.25,0.0,0.07142857142857145,0.010355961853322437,12
1055,cm1_req,0.7777777777777778,0.8666666666666667,0.8666666666666667,0.8666666666666667,0.522766062594492,0.7777777777777778,0.8666666666666667,0.8666666666666667,0.8666666666666667,0.522766062594492,0.7222222222222222,0.8571428571428571,0.8,0.8275862068965517,0.5266466305957174,0.05555555555555558,0.009523809523809601,0.06666666666666665,0.039080459770114984,0.003880568001225382,7
1059,ar1,0.92,0.0,0.0,0.0,0.282377166268751,0.92,0.0,0.0,0.0,0.282377166268751,0.92,0.0,0.0,0.0,0.2810942425607636,0.0,0.0,0.0,0.0,0.0012829237079873823,9
1060,ar3,0.9230769230769231,0.6666666666666666,1.0,0.8,0.2116300317312678,0.9230769230769231,0.6666666666666666,1.0,0.8,0.2116300317312678,0.9230769230769231,0.6666666666666666,1.0,0.8,0.17029742032913392,0.0,0.0,0.0,0.0,0.04133261140213387,5
1061,ar4,0.7727272727272727,0.5,0.2,0.2857142857142857,0.43742417404924616,0.7727272727272727,0.5,0.2,0.2857142857142857,0.43742417404924616,0.7727272727272727,0.5,0.2,0.2857142857142857,0.4430946354318614,0.0,0.0,0.0,0.0,0.005670461382615233,8
1062,ar5,0.875,1.0,0.6666666666666666,0.8,0.5009349664474236,0.875,1.0,0.6666666666666666,0.8,0.5009349664474236,0.875,1.0,0.6666666666666666,0.8,0.5162775285226286,0.0,0.0,0.0,0.0,0.015342562075205013,2
1063,kc2,0.7904761904761904,0.7142857142857143,0.2,0.3125,0.48022636250961603,0.7904761904761904,0.7142857142857143,0.2,0.3125,0.48022636250961603,0.8,0.75,0.24,0.36363636363636365,0.4850710092161476,0.009523809523809601,0.0357142857142857,0.03999999999999998,0.051136363636363646,0.0048446467065315635,41
1064,ar6,0.7142857142857143,0.0,0.0,0.0,0.7732468048977056,0.7142857142857143,0.0,0.0,0.0,0.7732468048977056,0.7142857142857143,0.0,0.0,0.0,0.8778212767718662,0.0,0.0,0.0,0.0,0.10457447187416058,8
1065,kc3,0.9130434782608695,1.0,0.1111111111111111,0.2,0.23959501799668684,0.9130434782608695,1.0,0.1111111111111111,0.2,0.23959501799668684,0.9130434782608695,1.0,0.1111111111111111,0.2,0.23471302570631677,0.0,0.0,0.0,0.0,0.004881992290370063,36
1066,kc1-binary,0.6896551724137931,0.4444444444444444,0.5,0.47058823529411764,0.5560483648330246,0.6896551724137931,0.4444444444444444,0.5,0.47058823529411764,0.5560483648330246,0.6896551724137931,0.45454545454545453,0.625,0.5263157894736842,0.5521177885497629,0.0,0.01010101010101011,0.125,0.05572755417956654,0.003930576283261655,11
1071,mw1,0.9382716049382716,0.0,0.0,0.0,0.21493552265002405,0.9382716049382716,0.0,0.0,0.0,0.21493552265002405,0.9382716049382716,0.0,0.0,0.0,0.20108378116307338,0.0,0.0,0.0,0.0,0.013851741486950675,32
1073,jEdit_4.0_4.2,0.6545454545454545,0.6842105263157895,0.5,0.5777777777777777,0.5780887149182969,0.6545454545454545,0.6842105263157895,0.5,0.5777777777777777,0.5780887149182969,0.6545454545454545,0.6666666666666666,0.5384615384615384,0.5957446808510638,0.5684421384340782,0.0,0.01754385964912286,0.038461538461538436,0.017966903073286078,0.009646576484218738,21
1075,datatrieve,0.9230769230769231,0.0,0.0,0.0,0.30867188832444853,0.9230769230769231,0.0,0.0,0.0,0.30867188832444853,0.9230769230769231,0.0,0.0,0.0,0.327901279448942,0.0,0.0,0.0,0.0,0.019229391124493456,10
